"{'火盐', '矮人油'}", "{12, 7}", 999
"{'架子湾葡萄', '矮人油'}", "{12, 22}", 1039
"{'鳞片伞菌', '矮人油'}", "{36, 22}", 643
"{'树伞菌', '矮人油'}", "{36, 7}", 603
"{'天鹅菇', '矮人油'}", "{36, 7}", 603
"{'藤蔓丛', '矮人油'}", "{22, 7}", 346
"{'月亮糖', '矮人油'}", "{12, 7}", 999
"{'盐堆', '矮人油'}", "{12, 22}", 1039
"{'直立根', '矮人油'}", "{36, 12, 22, 7}", 1642
"{'阿贝希恩长鳍鱼', '短鹿角'}", "{1, 39}", 755
"{'白帽伞菌', '冰怨灵的牙'}", "{5, 30}", 404
"{'冰怨灵的牙', '寒霜幽魂牙齿'}", "{8, 5, 54, 30}", 1827
"{'白帽伞菌', '寒霜幽魂牙齿'}", "{5, 30}", 404
"{'白帽伞菌', '火盐'}", "{5, 7}", 301
"{'红山花', '白帽伞菌'}", "{7, 31}", 480
"{'精灵耳', '白帽伞菌'}", "{5, 7}", 301
"{'荆棘之心', '白帽伞菌'}", "{7, 31}", 480
"{'灵质', '白帽伞菌'}", "{7, 31}", 480
"{'贝瑞特的骨灰', '巢蚁猎人触角'}", "{33, 15}", 509
"{'贝瑞特的骨灰', '骨粉'}", "{48, 33, 10, 15}", 1009
"{'贝瑞特的骨灰', '灰烬藤蔓丛'}", "{10, 15}", 557
"{'贝瑞特的骨灰', '灰烬魔尘'}", "{48, 10}", 500
"{'贝瑞特的骨灰', '蓝蝶翅膀'}", "{33, 15}", 509
"{'先祖蛾翅膀', '贝瑞特的骨灰'}", "{33, 15}", 509
"{'刺柏浆果', '朱尼珀尔果'}", "{8, 17, 37, 13}", 2177
"{'月蛾翅膀', '巢蚁卵'}", "{16, 54}", 1440
"{'骨粉', '巢蚁猎人触角'}", "{33, 15}", 509
"{'巢蚁猎人触角', '加林根'}", "{19, 15}", 1135
"{'蓝山花', '巢蚁猎人触角'}", "{33, 19}", 1346
"{'蓝蝶翅膀', '巢蚁猎人触角'}", "{33, 19, 25, 15}", 1544
"{'树精的树液', '巢蚁猎人触角'}", "{25, 19}", 1035
"{'先祖蛾翅膀', '巢蚁猎人触角'}", "{33, 19, 25, 15}", 1544
"{'蜘蛛卵', '巢蚁猎人触角'}", "{19, 15}", 1135
"{'橙色蜻蜓', '红蜻蜓'}", "{40, 50, 6, 47}", 1095
"{'食人鱼卵', '橙色蜻蜓'}", "{40, 50}", 885
"{'橙色蜻蜓', '痛苦草'}", "{50, 47}", 380
"{'草籽', '红山花'}", "{7, 47}", 210
"{'猛犸牙粉', '长毛象牙粉末'}", "{8, 21, 38, 6}", 1344
"{'气母胶质', '长毛象牙粉末'}", "{21, 6}", 604
"{'水母果冻', '长毛象牙粉末'}", "{21, 6}", 604
"{'紫山花', '长毛象牙粉末'}", "{38, 6}", 715
"{'长鹿角', '希思特鲤鱼'}", "{17, 6}", 744
"{'萤火虫的胸壳', '长鹿角'}", "{32, 6}", 490
"{'长鹿角', '银岸鲈鱼'}", "{17, 6}", 744
"{'吊苔', '光尘'}", "{16, 19}", 1181
"{'吊苔', '加林根'}", "{16, 19}", 1181
"{'蓝山花', '吊苔'}", "{35, 19}", 1379
"{'人类心脏', '吊苔'}", "{16, 19}", 1181
"{'熊爪', '吊苔'}", "{35, 42, 19}", 1941
"{'食人鱼卵', '大蒜'}", "{32, 2}", 775
"{'帝王伞苔', '红山花'}", "{14, 31}", 348
"{'帝王伞苔', '巨魔脂肪'}", "{43, 14}", 584
"{'帝王伞苔', '灵质'}", "{14, 31}", 348
"{'帝王伞苔', '虚无盐'}", "{14, 31}", 348
"{'帝王蝴蝶翅膀', '蝴蝶翅膀'}", "{16, 28, 4, 53}", 601
"{'剑齿虎眼', '帝王蝴蝶翅膀'}", "{16, 4}", 323
"{'魔族心脏', '帝王蝴蝶翅膀'}", "{16, 4}", 323
"{'毒茂花', '河布丁'}", "{18, 45, 14}", 1932
"{'气母胶质', '毒茂花'}", "{45, 21}", 1442
"{'毒茂花', '丧钟花'}", "{18, 14}", 941
"{'水母果冻', '毒茂花'}", "{45, 21}", 1442
"{'毒茂花', '特拉玛根'}", "{18, 45}", 1911
"{'真菌的根', '毒茂花'}", "{18, 45}", 1911
"{'毒蝇伞', '飞天菇菌'}", "{43, 10, 11, 20}", 2221
"{'毒蝇伞', '巨魔脂肪'}", "{43, 20}", 967
"{'毒蝇伞', '龙舌兰'}", "{10, 43}", 971
"{'短鹿角', '龙葵'}", "{53, 14}", 69
"{'短鹿角', '丧钟花'}", "{1, 14}", 214
"{'短鹿角', '夜茄'}", "{53, 14}", 69
"{'恶鼠尾巴', '雪鼠尾巴'}", "{17, 29, 46, 14}", 891
"{'恶鼠尾巴', '银岸鲈鱼'}", "{17, 46}", 614
"{'巨魔脂肪', '伐莫耳'}", "{2, 20, 14}", 863
"{'人类心脏', '伐莫耳'}", "{20, 14}", 425
"{'雪精灵耳', '伐莫耳'}", "{2, 26, 20, 14}", 986
"{'蜜蜂', '蜂巢'}", "{48, 6}", 245
"{'蜂巢', '珍珠'}", "{41, 6}", 715
"{'鹰羽毛', '蜂箱外壳'}", "{29, 38}", 818
"{'灰烬跳虫胶质', '法萨德燕鸥羽毛'}", "{4, 29}", 384
"{'焦黑的恶鼠皮', '法萨德燕鸥羽毛'}", "{4, 55}", 164
"{'烧焦雪鼠尾巴', '法萨德燕鸥羽毛'}", "{4, 55}", 164
"{'鹰羽毛', '法萨德燕鸥羽毛'}", "{29, 55}", 292
"{'巨魔脂肪', '飞天菇菌'}", "{43, 20}", 967
"{'龙舌兰', '飞天菇菌'}", "{10, 43}", 971
"{'光尘', '加林根'}", "{16, 19}", 1181
"{'光尘', '龙葵'}", "{19, 44}", 1706
"{'人类心脏', '光尘'}", "{16, 19}", 1181
"{'微光伞菌', '光尘'}", "{51, 44}", 1128
"{'夜茄', '光尘'}", "{19, 44}", 1706
"{'光尘', '荧光菇'}", "{51, 44}", 1128
"{'鲑鱼卵', '架子湾葡萄'}", "{12, 31}", 1173
"{'鲑鱼卵', '希思特鲤鱼'}", "{52, 6, 31}", 958
"{'骨粉', '灰烬藤蔓丛'}", "{10, 15}", 557
"{'骨粉', '灰烬魔尘'}", "{48, 10}", 500
"{'骨粉', '蓝蝶翅膀'}", "{33, 15}", 509
"{'先祖蛾翅膀', '骨粉'}", "{33, 15}", 509
"{'寒霜甘草', '银岸鲈鱼'}", "{17, 9}", 999
"{'寒霜甘草', '紫山花'}", "{9, 38}", 970
"{'烈焰树精木片', '河布丁'}", "{18, 27}", 1145
"{'河布丁', '丧钟花'}", "{18, 14}", 941
"{'烧焦的树精木', '河布丁'}", "{18, 27}", 1145
"{'河布丁', '特拉玛根'}", "{18, 45}", 1911
"{'真菌的根', '河布丁'}", "{18, 45}", 1911
"{'精灵耳', '火盐'}", "{10, 5, 7}", 709
"{'火盐', '月亮糖'}", "{12, 7}", 999
"{'直立根', '火盐'}", "{12, 7}", 999
"{'奈恩根', '灰烬藤蔓丛'}", "{54, 15}", 1394
"{'灰烬藤蔓丛', '深红奈恩根'}", "{54, 15}", 1394
"{'猩红奈恩根', '灰烬藤蔓丛'}", "{54, 15}", 1394
"{'蓝色蜻蜓', '灰烬跳虫胶质'}", "{51, 4}", 536
"{'沼泽真菌荚', '灰烬跳虫胶质'}", "{51, 4}", 536
"{'痛苦草', '灰烬魔尘'}", "{48, 47}", 149
"{'雪果', '灰烬魔尘'}", "{25, 10}", 457
"{'荆棘之心', '红山花'}", "{7, 31}", 480
"{'灵质', '红山花'}", "{7, 14, 31}", 501
"{'人肉', '红山花'}", "{14, 7}", 174
"{'红山花', '虚无盐'}", "{14, 31}", 348
"{'巨人脚趾', '黄山花'}", "{17, 35}", 984
"{'黄山花', '小麦'}", "{17, 35}", 984
"{'食人鱼卵', '红蜻蜓'}", "{40, 50}", 885
"{'痛苦草', '红蜻蜓'}", "{50, 47}", 380
"{'剑齿虎眼', '蝴蝶翅膀'}", "{16, 4}", 323
"{'魔族心脏', '蝴蝶翅膀'}", "{16, 4}", 323
"{'松木画眉蛋', '剑齿虎牙齿'}", "{1, 6}", 346
"{'剑齿虎眼', '焦黑的恶鼠皮'}", "{4, 6}", 281
"{'剑齿虎眼', '魔族心脏'}", "{16, 4}", 323
"{'剑齿虎眼', '烧焦雪鼠尾巴'}", "{4, 6}", 281
"{'剑齿虎眼', '银岸鲈鱼'}", "{46, 6}", 176
"{'巨人脚趾', '藤蔓丛'}", "{17, 45}", 1582
"{'巨人脚趾', '小麦'}", "{17, 35}", 984
"{'人类心脏', '巨魔脂肪'}", "{20, 14}", 425
"{'巨魔脂肪', '雪精灵耳'}", "{2, 20, 14}", 863
"{'架子湾葡萄', '盐堆'}", "{12, 22}", 1039
"{'直立根', '架子湾葡萄'}", "{12, 22}", 1039
"{'泥沼蟹壳', '焦黑的恶鼠皮'}", "{2, 6, 55}", 627
"{'焦黑的恶鼠皮', '烧焦雪鼠尾巴'}", "{2, 4, 6, 55}", 755
"{'灵质', '荆棘之心'}", "{7, 31}", 480
"{'荆棘之心', '人肉'}", "{24, 7}", 1224
"{'荆棘之心', '苔原棉花'}", "{41, 31}", 889
"{'荆棘之心', '珍珠'}", "{41, 7}", 715
"{'蓟花', '食人鱼鳞'}", "{9, 30}", 664
"{'鸡蛋', '龙葵'}", "{19, 53}", 1034
"{'夜茄', '鸡蛋'}", "{19, 53}", 1034
"{'鹰的蛋', '鸡蛋'}", "{19, 52, 53, 23}", 1759
"{'蓝蝶翅膀', '加林根'}", "{19, 15}", 1135
"{'龙葵', '加林根'}", "{19, 14}", 1007
"{'奈恩根', '加林根'}", "{14, 15}", 170
"{'人类心脏', '加林根'}", "{16, 19, 14}", 1202
"{'深红奈恩根', '加林根'}", "{14, 15}", 170
"{'先祖蛾翅膀', '加林根'}", "{19, 15}", 1135
"{'猩红奈恩根', '加林根'}", "{14, 15}", 170
"{'夜茄', '加林根'}", "{19, 14}", 1007
"{'蜘蛛卵', '加林根'}", "{19, 15}", 1135
"{'灵质', '龙葵'}", "{44, 14}", 741
"{'灵质', '人肉'}", "{14, 7}", 174
"{'灵质', '虚无盐'}", "{14, 31}", 348
"{'灵质', '夜茄'}", "{44, 14}", 741
"{'烈焰树精木片', '树精的树液'}", "{19, 27}", 1211
"{'烈焰树精木片', '烧焦的树精木'}", "{8, 27, 18, 19}", 2309
"{'蓝蝶翅膀', '蓝山花'}", "{33, 19}", 1346
"{'蓝山花', '小麦'}", "{35, 4}", 521
"{'熊爪', '蓝山花'}", "{35, 19}", 1379
"{'先祖蛾翅膀', '蓝山花'}", "{33, 19}", 1346
"{'蓝色蜻蜓', '魔族心脏'}", "{4, 21}", 579
"{'沼泽真菌荚', '蓝色蜻蜓'}", "{51, 4}", 536
"{'树精的树液', '蓝蝶翅膀'}", "{25, 19}", 1035
"{'先祖蛾翅膀', '蓝蝶翅膀'}", "{33, 19, 25, 15}", 1544
"{'蜘蛛卵', '蓝蝶翅膀'}", "{19, 15}", 1135
"{'树伞菌', '鳞片伞菌'}", "{11, 36}", 1296
"{'天鹅菇', '鳞片伞菌'}", "{11, 36}", 1296
"{'藤蔓丛', '鳞片伞菌'}", "{45, 22}", 1184
"{'直立根', '鳞片伞菌'}", "{36, 22}", 643
"{'人类心脏', '龙葵'}", "{19, 14}", 1007
"{'夜茄', '龙葵'}", "{19, 44, 53, 14}", 1775
"{'鹰的蛋', '龙葵'}", "{19, 53}", 1034
"{'娜米拉腐菌', '魔族心脏'}", "{16, 21}", 646
"{'魔族心脏', '小麦'}", "{17, 4}", 719
"{'气母胶质', '猛犸牙粉'}", "{21, 6}", 604
"{'水母果冻', '猛犸牙粉'}", "{21, 6}", 604
"{'猛犸牙粉', '紫山花'}", "{38, 6}", 715
"{'奈恩根', '深红奈恩根'}", "{14, 15, 54, 23}", 1662
"{'奈恩根', '虚无盐'}", "{14, 23}", 268
"{'猩红奈恩根', '奈恩根'}", "{14, 15, 54, 23}", 1662
"{'娜米拉腐菌', '诺德藤壶'}", "{16, 13}", 1041
"{'娜米拉腐菌', '闪光花'}", "{21, 13}", 1297
"{'娜米拉腐菌', '幽光萌花'}", "{21, 13}", 1297
"{'娜米拉腐菌', '月蛾翅膀'}", "{16, 13}", 1041
"{'泥沼蟹壳', '烧焦雪鼠尾巴'}", "{2, 6, 55}", 627
"{'月蛾翅膀', '诺德藤壶'}", "{16, 13}", 1041
"{'水母果冻', '气母胶质'}", "{24, 45, 21, 6}", 2666
"{'气母胶质', '闪光花'}", "{24, 21}", 1522
"{'气母胶质', '幽光萌花'}", "{24, 21}", 1522
"{'气母胶质', '幽魂外皮'}", "{45, 6}", 1144
"{'鹰喙', '气母胶质'}", "{45, 6}", 1144
"{'气泡草', '石溪刺莺卵'}", "{4, 15}", 277
"{'气泡草', '岩莺的蛋'}", "{4, 15}", 277
"{'犬根', '石溪刺莺卵'}", "{42, 15}", 711
"{'岩莺的蛋', '犬根'}", "{42, 15}", 711
"{'蜘蛛卵', '犬根'}", "{37, 15}", 711
"{'乌鸦鬼婆之羽', '人类心脏'}", "{16, 20}", 599
"{'人类心脏', '雪精灵耳'}", "{20, 14}", 425
"{'人类心脏', '夜茄'}", "{19, 14}", 1007
"{'人肉', '小恶魔菌'}", "{24, 14}", 1092
"{'鹰喙', '松木画眉蛋'}", "{51, 6}", 561
"{'松木画眉蛋', '珍珠'}", "{51, 6}", 561
"{'树伞菌', '天鹅菇'}", "{50, 11, 36, 7}", 1772
"{'树伞菌', '直立根'}", "{36, 7}", 603
"{'树精的树液', '烧焦的树精木'}", "{27, 19}", 1211
"{'先祖蛾翅膀', '树精的树液'}", "{25, 19}", 1035
"{'西罗帝尔斗鱼', '赛瑞迪尔斗鱼'}", "{15, 21, 46, 39}", 1185
"{'霜盐', '月亮糖'}", "{8, 9, 7}", 739
"{'岩莺的蛋', '石溪刺莺卵'}", "{42, 4, 22, 15}", 1032
"{'深红奈恩根', '虚无盐'}", "{14, 23}", 268
"{'猩红奈恩根', '深红奈恩根'}", "{14, 15, 54, 23}", 1662
"{'水母果冻', '闪光花'}", "{24, 21}", 1522
"{'水母果冻', '幽光萌花'}", "{24, 21}", 1522
"{'水母果冻', '幽魂外皮'}", "{45, 6}", 1144
"{'鹰喙', '水母果冻'}", "{45, 6}", 1144
"{'幽光萌花', '闪光花'}", "{24, 21, 13, 23}", 2615
"{'乌鸦鬼婆之羽', '特拉玛根'}", "{16, 49}", 402
"{'真菌的根', '特拉玛根'}", "{16, 49, 18, 45}", 2313
"{'乌鸦鬼婆之爪', '苔原棉花'}", "{28, 23}", 477
"{'苔原棉花', '虚无盐'}", "{23, 31}", 574
"{'鲜血王冠', '苔原棉花'}", "{41, 23}", 809
"{'天鹅菇', '直立根'}", "{36, 7}", 603
"{'直立根', '藤蔓丛'}", "{22, 7}", 346
"{'乌鸦鬼婆之羽', '真菌的根'}", "{16, 49}", 402
"{'微光伞菌', '荧光菇'}", "{51, 34, 35, 44}", 1914
"{'吸血鬼灰烬', '月蛾翅膀'}", "{13, 54}", 2091
"{'沼泽真菌荚', '小恶魔菌'}", "{24, 4}", 1199
"{'熊爪', '小珍珠'}", "{42, 6}", 715
"{'小珍珠', '银岸鲈鱼'}", "{9, 6}", 561
"{'鹰喙', '小珍珠'}", "{9, 6}", 561
"{'小珍珠', '紫山花'}", "{9, 6}", 561
"{'沼泽真菌荚', '小麦'}", "{3, 4}", 397
"{'银岸鲈鱼', '希思特鲤鱼'}", "{17, 6}", 744
"{'猩红奈恩根', '虚无盐'}", "{14, 23}", 268
"{'鹰喙', '雪果'}", "{9, 51}", 816
"{'先祖蛾翅膀', '蜘蛛卵'}", "{19, 15}", 1135
"{'银岸鲈鱼', '雪鼠尾巴'}", "{17, 46}", 614
"{'鹰喙', '幽魂外皮'}", "{45, 6}", 1144
"{'直立根', '月亮糖'}", "{12, 7}", 999
"{'鹰的蛋', '夜茄'}", "{19, 53}", 1034
"{'直立根', '盐堆'}", "{12, 22}", 1039
"{'萤火虫的胸壳', '紫山花'}", "{3, 6}", 422
"{'鹰喙', '银岸鲈鱼'}", "{9, 6}", 561
"{'紫山花', '银岸鲈鱼'}", "{9, 6}", 561
"{'鹰喙', '珍珠'}", "{51, 6}", 561
"{'鹰喙', '紫山花'}", "{9, 6}", 561
"{'架子湾葡萄', '火盐', '矮人油'}", "{12, 22, 7}", 1192
"{'鳞片伞菌', '火盐', '矮人油'}", "{12, 22, 36, 7}", 1642
"{'树伞菌', '火盐', '矮人油'}", "{12, 36, 7}", 1449
"{'天鹅菇', '火盐', '矮人油'}", "{12, 36, 7}", 1449
"{'藤蔓丛', '火盐', '矮人油'}", "{12, 22, 7}", 1192
"{'月亮糖', '火盐', '矮人油'}", "{12, 7}", 999
"{'盐堆', '火盐', '矮人油'}", "{12, 22, 7}", 1192
"{'直立根', '火盐', '矮人油'}", "{36, 22, 7, 12}", 1642
"{'白帽伞菌', '火盐', '矮人油'}", "{12, 5, 7}", 1147
"{'精灵耳', '火盐', '矮人油'}", "{5, 7, 10, 12}", 1555
"{'月亮糖', '火盐', '矮人油'}", "{12, 7}", 999
"{'直立根', '火盐', '矮人油'}", "{12, 7}", 999
"{'鳞片伞菌', '架子湾葡萄', '矮人油'}", "{12, 22, 36}", 1489
"{'树伞菌', '架子湾葡萄', '矮人油'}", "{12, 7, 22, 36}", 1642
"{'天鹅菇', '架子湾葡萄', '矮人油'}", "{12, 7, 22, 36}", 1642
"{'藤蔓丛', '架子湾葡萄', '矮人油'}", "{12, 22, 7}", 1192
"{'月亮糖', '架子湾葡萄', '矮人油'}", "{12, 22, 7}", 1192
"{'盐堆', '架子湾葡萄', '矮人油'}", "{12, 22}", 1039
"{'直立根', '架子湾葡萄', '矮人油'}", "{36, 22, 7, 12}", 1642
"{'鲑鱼卵', '架子湾葡萄', '矮人油'}", "{12, 22, 31}", 1366
"{'盐堆', '架子湾葡萄', '矮人油'}", "{12, 22}", 1039
"{'直立根', '架子湾葡萄', '矮人油'}", "{12, 22}", 1039
"{'树伞菌', '鳞片伞菌', '矮人油'}", "{36, 22, 7}", 796
"{'天鹅菇', '鳞片伞菌', '矮人油'}", "{36, 22, 7}", 796
"{'藤蔓丛', '鳞片伞菌', '矮人油'}", "{36, 22, 7}", 796
"{'月亮糖', '鳞片伞菌', '矮人油'}", "{36, 12, 22, 7}", 1642
"{'鳞片伞菌', '盐堆', '矮人油'}", "{36, 12, 22}", 1489
"{'直立根', '鳞片伞菌', '矮人油'}", "{36, 22, 7, 12}", 1642
"{'树伞菌', '鳞片伞菌', '矮人油'}", "{11, 36, 22}", 1489
"{'天鹅菇', '鳞片伞菌', '矮人油'}", "{11, 36, 22}", 1489
"{'藤蔓丛', '鳞片伞菌', '矮人油'}", "{36, 45, 22}", 1634
"{'直立根', '鳞片伞菌', '矮人油'}", "{36, 22}", 643
"{'树伞菌', '天鹅菇', '矮人油'}", "{36, 7}", 603
"{'树伞菌', '藤蔓丛', '矮人油'}", "{36, 22, 7}", 796
"{'树伞菌', '月亮糖', '矮人油'}", "{36, 12, 7}", 1449
"{'树伞菌', '盐堆', '矮人油'}", "{36, 12, 22, 7}", 1642
"{'树伞菌', '直立根', '矮人油'}", "{36, 22, 7, 12}", 1642
"{'树伞菌', '鳞片伞菌', '矮人油'}", "{11, 36, 7}", 1449
"{'树伞菌', '天鹅菇', '矮人油'}", "{50, 36, 7, 11}", 1772
"{'树伞菌', '直立根', '矮人油'}", "{36, 7}", 603
"{'天鹅菇', '藤蔓丛', '矮人油'}", "{36, 22, 7}", 796
"{'天鹅菇', '月亮糖', '矮人油'}", "{36, 12, 7}", 1449
"{'天鹅菇', '盐堆', '矮人油'}", "{36, 12, 22, 7}", 1642
"{'天鹅菇', '直立根', '矮人油'}", "{36, 22, 7, 12}", 1642
"{'天鹅菇', '鳞片伞菌', '矮人油'}", "{11, 36, 7}", 1449
"{'天鹅菇', '树伞菌', '矮人油'}", "{50, 36, 7, 11}", 1772
"{'天鹅菇', '直立根', '矮人油'}", "{36, 7}", 603
"{'月亮糖', '藤蔓丛', '矮人油'}", "{12, 22, 7}", 1192
"{'藤蔓丛', '盐堆', '矮人油'}", "{12, 22, 7}", 1192
"{'直立根', '藤蔓丛', '矮人油'}", "{36, 22, 7, 12}", 1642
"{'巨人脚趾', '藤蔓丛', '矮人油'}", "{17, 45, 22, 7}", 1928
"{'藤蔓丛', '鳞片伞菌', '矮人油'}", "{45, 22, 7}", 1337
"{'直立根', '藤蔓丛', '矮人油'}", "{22, 7}", 346
"{'月亮糖', '盐堆', '矮人油'}", "{12, 22, 7}", 1192
"{'月亮糖', '直立根', '矮人油'}", "{36, 22, 7, 12}", 1642
"{'月亮糖', '火盐', '矮人油'}", "{12, 7}", 999
"{'月亮糖', '霜盐', '矮人油'}", "{7, 8, 9, 12}", 1585
"{'月亮糖', '直立根', '矮人油'}", "{12, 7}", 999
"{'直立根', '盐堆', '矮人油'}", "{36, 22, 7, 12}", 1642
"{'盐堆', '架子湾葡萄', '矮人油'}", "{12, 22}", 1039
"{'直立根', '盐堆', '矮人油'}", "{12, 22}", 1039
"{'直立根', '火盐', '矮人油'}", "{36, 22, 7, 12}", 1642
"{'直立根', '架子湾葡萄', '矮人油'}", "{36, 22, 7, 12}", 1642
"{'直立根', '鳞片伞菌', '矮人油'}", "{36, 22, 7, 12}", 1642
"{'直立根', '树伞菌', '矮人油'}", "{36, 22, 7, 12}", 1642
"{'直立根', '天鹅菇', '矮人油'}", "{36, 22, 7, 12}", 1642
"{'直立根', '藤蔓丛', '矮人油'}", "{36, 22, 7, 12}", 1642
"{'直立根', '月亮糖', '矮人油'}", "{36, 22, 7, 12}", 1642
"{'直立根', '盐堆', '矮人油'}", "{36, 22, 7, 12}", 1642
"{'阿贝希恩长鳍鱼', '短鹿角', '龙葵'}", "{1, 53, 14, 39}", 824
"{'阿贝希恩长鳍鱼', '短鹿角', '丧钟花'}", "{1, 14, 39}", 776
"{'阿贝希恩长鳍鱼', '短鹿角', '夜茄'}", "{1, 53, 14, 39}", 824
"{'白帽伞菌', '冰怨灵的牙', '寒霜幽魂牙齿'}", "{5, 54, 8, 30}", 1827
"{'白帽伞菌', '冰怨灵的牙', '寒霜幽魂牙齿'}", "{5, 30}", 404
"{'火盐', '白帽伞菌', '冰怨灵的牙'}", "{5, 30, 7}", 557
"{'红山花', '白帽伞菌', '冰怨灵的牙'}", "{31, 5, 30, 7}", 884
"{'精灵耳', '白帽伞菌', '冰怨灵的牙'}", "{5, 30, 7}", 557
"{'荆棘之心', '白帽伞菌', '冰怨灵的牙'}", "{31, 5, 30, 7}", 884
"{'灵质', '白帽伞菌', '冰怨灵的牙'}", "{31, 5, 30, 7}", 884
"{'白帽伞菌', '冰怨灵的牙', '寒霜幽魂牙齿'}", "{5, 54, 8, 30}", 1827
"{'白帽伞菌', '火盐', '寒霜幽魂牙齿'}", "{5, 30, 7}", 557
"{'红山花', '白帽伞菌', '寒霜幽魂牙齿'}", "{31, 5, 30, 7}", 884
"{'精灵耳', '白帽伞菌', '寒霜幽魂牙齿'}", "{5, 30, 7}", 557
"{'荆棘之心', '白帽伞菌', '寒霜幽魂牙齿'}", "{31, 5, 30, 7}", 884
"{'灵质', '白帽伞菌', '寒霜幽魂牙齿'}", "{31, 5, 30, 7}", 884
"{'红山花', '白帽伞菌', '火盐'}", "{31, 5, 7}", 628
"{'精灵耳', '白帽伞菌', '火盐'}", "{5, 7}", 301
"{'荆棘之心', '白帽伞菌', '火盐'}", "{31, 5, 7}", 628
"{'灵质', '白帽伞菌', '火盐'}", "{31, 5, 7}", 628
"{'精灵耳', '白帽伞菌', '火盐'}", "{5, 7, 10}", 709
"{'白帽伞菌', '火盐', '月亮糖'}", "{12, 5, 7}", 1147
"{'直立根', '白帽伞菌', '火盐'}", "{12, 5, 7}", 1147
"{'精灵耳', '红山花', '白帽伞菌'}", "{7, 5, 31}", 628
"{'荆棘之心', '红山花', '白帽伞菌'}", "{7, 31}", 480
"{'灵质', '红山花', '白帽伞菌'}", "{7, 31}", 480
"{'草籽', '红山花', '白帽伞菌'}", "{7, 47, 31}", 537
"{'帝王伞苔', '红山花', '白帽伞菌'}", "{7, 14, 31}", 501
"{'荆棘之心', '红山花', '白帽伞菌'}", "{7, 31}", 480
"{'灵质', '红山花', '白帽伞菌'}", "{7, 14, 31}", 501
"{'红山花', '人肉', '白帽伞菌'}", "{7, 14, 31}", 501
"{'红山花', '白帽伞菌', '虚无盐'}", "{7, 14, 31}", 501
"{'精灵耳', '荆棘之心', '白帽伞菌'}", "{31, 5, 7}", 628
"{'精灵耳', '灵质', '白帽伞菌'}", "{31, 5, 7}", 628
"{'精灵耳', '白帽伞菌', '火盐'}", "{5, 7, 10}", 709
"{'灵质', '荆棘之心', '白帽伞菌'}", "{7, 31}", 480
"{'荆棘之心', '红山花', '白帽伞菌'}", "{7, 31}", 480
"{'灵质', '荆棘之心', '白帽伞菌'}", "{7, 31}", 480
"{'荆棘之心', '人肉', '白帽伞菌'}", "{24, 7, 31}", 1551
"{'荆棘之心', '白帽伞菌', '苔原棉花'}", "{41, 7, 31}", 1042
"{'荆棘之心', '白帽伞菌', '珍珠'}", "{41, 7, 31}", 1042
"{'灵质', '白帽伞菌', '帝王伞苔'}", "{7, 14, 31}", 501
"{'灵质', '红山花', '白帽伞菌'}", "{7, 14, 31}", 501
"{'灵质', '荆棘之心', '白帽伞菌'}", "{7, 31}", 480
"{'灵质', '白帽伞菌', '龙葵'}", "{7, 14, 44, 31}", 1221
"{'灵质', '人肉', '白帽伞菌'}", "{7, 14, 31}", 501
"{'灵质', '白帽伞菌', '虚无盐'}", "{7, 14, 31}", 501
"{'灵质', '夜茄', '白帽伞菌'}", "{7, 14, 44, 31}", 1221
"{'贝瑞特的骨灰', '骨粉', '巢蚁猎人触角'}", "{48, 33, 10, 15}", 1009
"{'贝瑞特的骨灰', '灰烬藤蔓丛', '巢蚁猎人触角'}", "{33, 10, 15}", 917
"{'贝瑞特的骨灰', '灰烬魔尘', '巢蚁猎人触角'}", "{48, 33, 10, 15}", 1009
"{'贝瑞特的骨灰', '蓝蝶翅膀', '巢蚁猎人触角'}", "{33, 15}", 509
"{'先祖蛾翅膀', '贝瑞特的骨灰', '巢蚁猎人触角'}", "{33, 15}", 509
"{'贝瑞特的骨灰', '骨粉', '巢蚁猎人触角'}", "{33, 15}", 509
"{'贝瑞特的骨灰', '巢蚁猎人触角', '加林根'}", "{33, 19, 15}", 1495
"{'贝瑞特的骨灰', '蓝山花', '巢蚁猎人触角'}", "{33, 19, 15}", 1495
"{'贝瑞特的骨灰', '蓝蝶翅膀', '巢蚁猎人触角'}", "{33, 19, 25, 15}", 1544
"{'贝瑞特的骨灰', '树精的树液', '巢蚁猎人触角'}", "{33, 19, 25, 15}", 1544
"{'先祖蛾翅膀', '贝瑞特的骨灰', '巢蚁猎人触角'}", "{33, 19, 25, 15}", 1544
"{'蜘蛛卵', '贝瑞特的骨灰', '巢蚁猎人触角'}", "{33, 19, 15}", 1495
"{'贝瑞特的骨灰', '骨粉', '灰烬藤蔓丛'}", "{48, 33, 10, 15}", 1009
"{'贝瑞特的骨灰', '骨粉', '灰烬魔尘'}", "{48, 33, 10, 15}", 1009
"{'贝瑞特的骨灰', '骨粉', '蓝蝶翅膀'}", "{48, 33, 10, 15}", 1009
"{'先祖蛾翅膀', '贝瑞特的骨灰', '骨粉'}", "{48, 33, 10, 15}", 1009
"{'贝瑞特的骨灰', '骨粉', '巢蚁猎人触角'}", "{48, 33, 10, 15}", 1009
"{'贝瑞特的骨灰', '骨粉', '灰烬藤蔓丛'}", "{48, 33, 10, 15}", 1009
"{'贝瑞特的骨灰', '骨粉', '灰烬魔尘'}", "{48, 33, 10, 15}", 1009
"{'贝瑞特的骨灰', '骨粉', '蓝蝶翅膀'}", "{48, 33, 10, 15}", 1009
"{'先祖蛾翅膀', '贝瑞特的骨灰', '骨粉'}", "{48, 33, 10, 15}", 1009
"{'贝瑞特的骨灰', '灰烬藤蔓丛', '灰烬魔尘'}", "{48, 10, 15}", 649
"{'贝瑞特的骨灰', '蓝蝶翅膀', '灰烬藤蔓丛'}", "{33, 10, 15}", 917
"{'先祖蛾翅膀', '贝瑞特的骨灰', '灰烬藤蔓丛'}", "{33, 10, 15}", 917
"{'贝瑞特的骨灰', '骨粉', '灰烬藤蔓丛'}", "{10, 15}", 557
"{'奈恩根', '贝瑞特的骨灰', '灰烬藤蔓丛'}", "{10, 54, 15}", 1802
"{'贝瑞特的骨灰', '灰烬藤蔓丛', '深红奈恩根'}", "{10, 54, 15}", 1802
"{'猩红奈恩根', '贝瑞特的骨灰', '灰烬藤蔓丛'}", "{10, 54, 15}", 1802
"{'贝瑞特的骨灰', '蓝蝶翅膀', '灰烬魔尘'}", "{48, 33, 10, 15}", 1009
"{'先祖蛾翅膀', '贝瑞特的骨灰', '灰烬魔尘'}", "{48, 33, 10, 15}", 1009
"{'贝瑞特的骨灰', '骨粉', '灰烬魔尘'}", "{48, 10}", 500
"{'贝瑞特的骨灰', '痛苦草', '灰烬魔尘'}", "{48, 10, 47}", 557
"{'贝瑞特的骨灰', '雪果', '灰烬魔尘'}", "{48, 25, 10}", 549
"{'先祖蛾翅膀', '贝瑞特的骨灰', '蓝蝶翅膀'}", "{33, 15}", 509
"{'贝瑞特的骨灰', '蓝蝶翅膀', '巢蚁猎人触角'}", "{33, 19, 25, 15}", 1544
"{'贝瑞特的骨灰', '蓝蝶翅膀', '骨粉'}", "{33, 15}", 509
"{'贝瑞特的骨灰', '蓝蝶翅膀', '加林根'}", "{33, 19, 15}", 1495
"{'贝瑞特的骨灰', '蓝蝶翅膀', '蓝山花'}", "{33, 19, 15}", 1495
"{'贝瑞特的骨灰', '蓝蝶翅膀', '树精的树液'}", "{33, 19, 25, 15}", 1544
"{'先祖蛾翅膀', '贝瑞特的骨灰', '蓝蝶翅膀'}", "{33, 19, 25, 15}", 1544
"{'蜘蛛卵', '贝瑞特的骨灰', '蓝蝶翅膀'}", "{33, 19, 15}", 1495
"{'先祖蛾翅膀', '贝瑞特的骨灰', '巢蚁猎人触角'}", "{33, 19, 25, 15}", 1544
"{'先祖蛾翅膀', '贝瑞特的骨灰', '骨粉'}", "{33, 15}", 509
"{'先祖蛾翅膀', '贝瑞特的骨灰', '加林根'}", "{33, 19, 15}", 1495
"{'先祖蛾翅膀', '贝瑞特的骨灰', '蓝山花'}", "{33, 19, 15}", 1495
"{'先祖蛾翅膀', '贝瑞特的骨灰', '蓝蝶翅膀'}", "{33, 19, 25, 15}", 1544
"{'先祖蛾翅膀', '贝瑞特的骨灰', '树精的树液'}", "{33, 19, 25, 15}", 1544
"{'先祖蛾翅膀', '贝瑞特的骨灰', '蜘蛛卵'}", "{33, 19, 15}", 1495
"{'娜米拉腐菌', '月蛾翅膀', '巢蚁卵'}", "{16, 13, 54}", 2286
"{'月蛾翅膀', '诺德藤壶', '巢蚁卵'}", "{16, 13, 54}", 2286
"{'吸血鬼灰烬', '月蛾翅膀', '巢蚁卵'}", "{16, 13, 54}", 2286
"{'骨粉', '巢蚁猎人触角', '加林根'}", "{33, 19, 15}", 1495
"{'骨粉', '蓝山花', '巢蚁猎人触角'}", "{33, 19, 15}", 1495
"{'骨粉', '蓝蝶翅膀', '巢蚁猎人触角'}", "{33, 19, 25, 15}", 1544
"{'树精的树液', '骨粉', '巢蚁猎人触角'}", "{33, 19, 25, 15}", 1544
"{'先祖蛾翅膀', '骨粉', '巢蚁猎人触角'}", "{33, 19, 25, 15}", 1544
"{'蜘蛛卵', '骨粉', '巢蚁猎人触角'}", "{33, 19, 15}", 1495
"{'骨粉', '灰烬藤蔓丛', '巢蚁猎人触角'}", "{33, 10, 15}", 917
"{'骨粉', '灰烬魔尘', '巢蚁猎人触角'}", "{48, 33, 10, 15}", 1009
"{'骨粉', '蓝蝶翅膀', '巢蚁猎人触角'}", "{33, 15}", 509
"{'先祖蛾翅膀', '骨粉', '巢蚁猎人触角'}", "{33, 15}", 509
"{'蓝山花', '巢蚁猎人触角', '加林根'}", "{33, 19, 15}", 1495
"{'蓝蝶翅膀', '巢蚁猎人触角', '加林根'}", "{33, 19, 25, 15}", 1544
"{'树精的树液', '巢蚁猎人触角', '加林根'}", "{25, 19, 15}", 1184
"{'先祖蛾翅膀', '巢蚁猎人触角', '加林根'}", "{33, 19, 25, 15}", 1544
"{'蜘蛛卵', '巢蚁猎人触角', '加林根'}", "{19, 15}", 1135
"{'吊苔', '巢蚁猎人触角', '加林根'}", "{16, 19, 15}", 1330
"{'光尘', '巢蚁猎人触角', '加林根'}", "{16, 19, 15}", 1330
"{'蓝蝶翅膀', '巢蚁猎人触角', '加林根'}", "{19, 15}", 1135
"{'龙葵', '巢蚁猎人触角', '加林根'}", "{19, 14, 15}", 1156
"{'奈恩根', '巢蚁猎人触角', '加林根'}", "{19, 14, 15}", 1156
"{'人类心脏', '巢蚁猎人触角', '加林根'}", "{16, 19, 14, 15}", 1351
"{'深红奈恩根', '巢蚁猎人触角', '加林根'}", "{19, 14, 15}", 1156
"{'先祖蛾翅膀', '巢蚁猎人触角', '加林根'}", "{19, 15}", 1135
"{'猩红奈恩根', '巢蚁猎人触角', '加林根'}", "{19, 14, 15}", 1156
"{'夜茄', '巢蚁猎人触角', '加林根'}", "{19, 14, 15}", 1156
"{'蜘蛛卵', '巢蚁猎人触角', '加林根'}", "{19, 15}", 1135
"{'蓝蝶翅膀', '蓝山花', '巢蚁猎人触角'}", "{33, 19, 25, 15}", 1544
"{'树精的树液', '蓝山花', '巢蚁猎人触角'}", "{33, 19, 25}", 1395
"{'先祖蛾翅膀', '蓝山花', '巢蚁猎人触角'}", "{33, 19, 25, 15}", 1544
"{'蜘蛛卵', '蓝山花', '巢蚁猎人触角'}", "{33, 19, 15}", 1495
"{'蓝山花', '巢蚁猎人触角', '吊苔'}", "{33, 19, 35}", 1739
"{'蓝蝶翅膀', '蓝山花', '巢蚁猎人触角'}", "{33, 19}", 1346
"{'蓝山花', '小麦', '巢蚁猎人触角'}", "{33, 19, 4, 35}", 1867
"{'熊爪', '蓝山花', '巢蚁猎人触角'}", "{33, 19, 35}", 1739
"{'先祖蛾翅膀', '蓝山花', '巢蚁猎人触角'}", "{33, 19}", 1346
"{'树精的树液', '蓝蝶翅膀', '巢蚁猎人触角'}", "{33, 19, 25, 15}", 1544
"{'先祖蛾翅膀', '蓝蝶翅膀', '巢蚁猎人触角'}", "{33, 15, 19, 25}", 1544
"{'蜘蛛卵', '蓝蝶翅膀', '巢蚁猎人触角'}", "{33, 19, 25, 15}", 1544
"{'骨粉', '蓝蝶翅膀', '巢蚁猎人触角'}", "{33, 19, 25, 15}", 1544
"{'蓝蝶翅膀', '巢蚁猎人触角', '加林根'}", "{33, 19, 25, 15}", 1544
"{'蓝蝶翅膀', '蓝山花', '巢蚁猎人触角'}", "{33, 19, 25, 15}", 1544
"{'树精的树液', '蓝蝶翅膀', '巢蚁猎人触角'}", "{33, 19, 25, 15}", 1544
"{'先祖蛾翅膀', '蓝蝶翅膀', '巢蚁猎人触角'}", "{33, 15, 19, 25}", 1544
"{'蜘蛛卵', '蓝蝶翅膀', '巢蚁猎人触角'}", "{33, 19, 25, 15}", 1544
"{'先祖蛾翅膀', '树精的树液', '巢蚁猎人触角'}", "{33, 19, 25, 15}", 1544
"{'蜘蛛卵', '树精的树液', '巢蚁猎人触角'}", "{25, 19, 15}", 1184
"{'树精的树液', '巢蚁猎人触角', '烈焰树精木片'}", "{27, 25, 19}", 1260
"{'树精的树液', '蓝蝶翅膀', '巢蚁猎人触角'}", "{25, 19}", 1035
"{'树精的树液', '烧焦的树精木', '巢蚁猎人触角'}", "{27, 25, 19}", 1260
"{'先祖蛾翅膀', '树精的树液', '巢蚁猎人触角'}", "{25, 19}", 1035
"{'先祖蛾翅膀', '蜘蛛卵', '巢蚁猎人触角'}", "{33, 19, 25, 15}", 1544
"{'先祖蛾翅膀', '骨粉', '巢蚁猎人触角'}", "{33, 19, 25, 15}", 1544
"{'先祖蛾翅膀', '巢蚁猎人触角', '加林根'}", "{33, 19, 25, 15}", 1544
"{'先祖蛾翅膀', '蓝山花', '巢蚁猎人触角'}", "{33, 19, 25, 15}", 1544
"{'先祖蛾翅膀', '蓝蝶翅膀', '巢蚁猎人触角'}", "{33, 15, 19, 25}", 1544
"{'先祖蛾翅膀', '树精的树液', '巢蚁猎人触角'}", "{33, 19, 25, 15}", 1544
"{'先祖蛾翅膀', '蜘蛛卵', '巢蚁猎人触角'}", "{33, 19, 25, 15}", 1544
"{'蜘蛛卵', '巢蚁猎人触角', '加林根'}", "{19, 15}", 1135
"{'蜘蛛卵', '蓝蝶翅膀', '巢蚁猎人触角'}", "{19, 15}", 1135
"{'蜘蛛卵', '犬根', '巢蚁猎人触角'}", "{19, 37, 15}", 1697
"{'蜘蛛卵', '先祖蛾翅膀', '巢蚁猎人触角'}", "{19, 15}", 1135
"{'食人鱼卵', '橙色蜻蜓', '红蜻蜓'}", "{50, 6, 40, 47}", 1095
"{'橙色蜻蜓', '痛苦草', '红蜻蜓'}", "{50, 6, 40, 47}", 1095
"{'食人鱼卵', '橙色蜻蜓', '红蜻蜓'}", "{50, 6, 40, 47}", 1095
"{'橙色蜻蜓', '痛苦草', '红蜻蜓'}", "{50, 6, 40, 47}", 1095
"{'食人鱼卵', '橙色蜻蜓', '痛苦草'}", "{40, 50, 47}", 942
"{'大蒜', '食人鱼卵', '橙色蜻蜓'}", "{40, 2, 50, 32}", 1660
"{'食人鱼卵', '橙色蜻蜓', '红蜻蜓'}", "{40, 50}", 885
"{'灰烬魔尘', '橙色蜻蜓', '痛苦草'}", "{48, 50, 47}", 472
"{'橙色蜻蜓', '痛苦草', '红蜻蜓'}", "{50, 47}", 380
"{'草籽', '红山花', '帝王伞苔'}", "{7, 31, 14, 47}", 558
"{'草籽', '荆棘之心', '红山花'}", "{7, 31, 47}", 537
"{'草籽', '灵质', '红山花'}", "{7, 31, 14, 47}", 558
"{'草籽', '人肉', '红山花'}", "{7, 14, 47}", 231
"{'草籽', '红山花', '虚无盐'}", "{7, 31, 14, 47}", 558
"{'气母胶质', '猛犸牙粉', '长毛象牙粉末'}", "{21, 38, 6, 8}", 1344
"{'水母果冻', '猛犸牙粉', '长毛象牙粉末'}", "{21, 38, 6, 8}", 1344
"{'猛犸牙粉', '紫山花', '长毛象牙粉末'}", "{21, 38, 6, 8}", 1344
"{'气母胶质', '猛犸牙粉', '长毛象牙粉末'}", "{21, 38, 6, 8}", 1344
"{'水母果冻', '猛犸牙粉', '长毛象牙粉末'}", "{21, 38, 6, 8}", 1344
"{'猛犸牙粉', '紫山花', '长毛象牙粉末'}", "{21, 38, 6, 8}", 1344
"{'水母果冻', '气母胶质', '长毛象牙粉末'}", "{21, 6}", 604
"{'气母胶质', '紫山花', '长毛象牙粉末'}", "{38, 21, 6}", 1166
"{'气母胶质', '毒茂花', '长毛象牙粉末'}", "{45, 21, 6}", 1595
"{'猛犸牙粉', '气母胶质', '长毛象牙粉末'}", "{21, 6}", 604
"{'水母果冻', '气母胶质', '长毛象牙粉末'}", "{21, 6, 24, 45}", 2666
"{'气母胶质', '长毛象牙粉末', '闪光花'}", "{24, 21, 6}", 1675
"{'气母胶质', '长毛象牙粉末', '幽光萌花'}", "{24, 21, 6}", 1675
"{'气母胶质', '长毛象牙粉末', '幽魂外皮'}", "{45, 21, 6}", 1595
"{'鹰喙', '气母胶质', '长毛象牙粉末'}", "{45, 21, 6}", 1595
"{'水母果冻', '紫山花', '长毛象牙粉末'}", "{38, 21, 6}", 1166
"{'水母果冻', '毒茂花', '长毛象牙粉末'}", "{45, 21, 6}", 1595
"{'猛犸牙粉', '水母果冻', '长毛象牙粉末'}", "{21, 6}", 604
"{'气母胶质', '水母果冻', '长毛象牙粉末'}", "{21, 6, 24, 45}", 2666
"{'水母果冻', '长毛象牙粉末', '闪光花'}", "{24, 21, 6}", 1675
"{'水母果冻', '长毛象牙粉末', '幽光萌花'}", "{24, 21, 6}", 1675
"{'水母果冻', '长毛象牙粉末', '幽魂外皮'}", "{45, 21, 6}", 1595
"{'鹰喙', '水母果冻', '长毛象牙粉末'}", "{45, 21, 6}", 1595
"{'寒霜甘草', '紫山花', '长毛象牙粉末'}", "{9, 38, 6}", 1123
"{'猛犸牙粉', '紫山花', '长毛象牙粉末'}", "{38, 6}", 715
"{'紫山花', '长毛象牙粉末', '小珍珠'}", "{9, 38, 6}", 1123
"{'萤火虫的胸壳', '紫山花', '长毛象牙粉末'}", "{3, 38, 6}", 984
"{'紫山花', '长毛象牙粉末', '银岸鲈鱼'}", "{9, 38, 6}", 1123
"{'鹰喙', '紫山花', '长毛象牙粉末'}", "{9, 38, 6}", 1123
"{'萤火虫的胸壳', '长鹿角', '希思特鲤鱼'}", "{32, 17, 6}", 1081
"{'长鹿角', '银岸鲈鱼', '希思特鲤鱼'}", "{17, 6}", 744
"{'鲑鱼卵', '长鹿角', '希思特鲤鱼'}", "{17, 52, 6, 31}", 1549
"{'长鹿角', '银岸鲈鱼', '希思特鲤鱼'}", "{17, 6}", 744
"{'萤火虫的胸壳', '长鹿角', '银岸鲈鱼'}", "{32, 17, 6}", 1081
"{'萤火虫的胸壳', '长鹿角', '紫山花'}", "{32, 3, 6}", 759
"{'长鹿角', '恶鼠尾巴', '银岸鲈鱼'}", "{46, 17, 6}", 767
"{'寒霜甘草', '长鹿角', '银岸鲈鱼'}", "{17, 6, 9}", 1152
"{'长鹿角', '剑齿虎眼', '银岸鲈鱼'}", "{46, 17, 6}", 767
"{'长鹿角', '小珍珠', '银岸鲈鱼'}", "{17, 6, 9}", 1152
"{'希思特鲤鱼', '长鹿角', '银岸鲈鱼'}", "{17, 6}", 744
"{'长鹿角', '银岸鲈鱼', '雪鼠尾巴'}", "{46, 17, 6}", 767
"{'鹰喙', '长鹿角', '银岸鲈鱼'}", "{17, 6, 9}", 1152
"{'长鹿角', '紫山花', '银岸鲈鱼'}", "{17, 6, 9}", 1152
"{'吊苔', '光尘', '加林根'}", "{16, 19}", 1181
"{'蓝山花', '吊苔', '光尘'}", "{16, 35, 19}", 1574
"{'人类心脏', '吊苔', '光尘'}", "{16, 19}", 1181
"{'熊爪', '吊苔', '光尘'}", "{16, 19, 35, 42}", 2136
"{'吊苔', '光尘', '加林根'}", "{16, 19}", 1181
"{'吊苔', '光尘', '龙葵'}", "{16, 19, 44}", 1901
"{'人类心脏', '吊苔', '光尘'}", "{16, 19}", 1181
"{'吊苔', '微光伞菌', '光尘'}", "{16, 51, 19, 44}", 2309
"{'吊苔', '夜茄', '光尘'}", "{16, 19, 44}", 1901
"{'吊苔', '光尘', '荧光菇'}", "{16, 51, 19, 44}", 2309
"{'蓝山花', '吊苔', '加林根'}", "{16, 35, 19}", 1574
"{'人类心脏', '吊苔', '加林根'}", "{16, 19}", 1181
"{'熊爪', '吊苔', '加林根'}", "{16, 19, 35, 42}", 2136
"{'吊苔', '光尘', '加林根'}", "{16, 19}", 1181
"{'蓝蝶翅膀', '吊苔', '加林根'}", "{16, 19, 15}", 1330
"{'吊苔', '龙葵', '加林根'}", "{16, 19, 14}", 1202
"{'奈恩根', '吊苔', '加林根'}", "{16, 19, 14, 15}", 1351
"{'人类心脏', '吊苔', '加林根'}", "{16, 19, 14}", 1202
"{'吊苔', '深红奈恩根', '加林根'}", "{16, 19, 14, 15}", 1351
"{'先祖蛾翅膀', '吊苔', '加林根'}", "{16, 19, 15}", 1330
"{'猩红奈恩根', '吊苔', '加林根'}", "{16, 19, 14, 15}", 1351
"{'吊苔', '夜茄', '加林根'}", "{16, 19, 14}", 1202
"{'蜘蛛卵', '吊苔', '加林根'}", "{16, 19, 15}", 1330
"{'蓝山花', '人类心脏', '吊苔'}", "{16, 35, 19}", 1574
"{'蓝山花', '熊爪', '吊苔'}", "{35, 19, 42}", 1941
"{'蓝山花', '蓝蝶翅膀', '吊苔'}", "{35, 19, 33}", 1739
"{'蓝山花', '吊苔', '小麦'}", "{35, 19, 4}", 1507
"{'蓝山花', '熊爪', '吊苔'}", "{35, 19}", 1379
"{'先祖蛾翅膀', '蓝山花', '吊苔'}", "{35, 19, 33}", 1739
"{'人类心脏', '吊苔', '熊爪'}", "{16, 19, 35, 42}", 2136
"{'人类心脏', '吊苔', '伐莫耳'}", "{16, 19, 20, 14}", 1606
"{'人类心脏', '吊苔', '光尘'}", "{16, 19}", 1181
"{'人类心脏', '吊苔', '巨魔脂肪'}", "{16, 19, 20, 14}", 1606
"{'人类心脏', '吊苔', '加林根'}", "{16, 19, 14}", 1202
"{'人类心脏', '吊苔', '龙葵'}", "{16, 19, 14}", 1202
"{'乌鸦鬼婆之羽', '人类心脏', '吊苔'}", "{16, 19, 20}", 1585
"{'人类心脏', '吊苔', '雪精灵耳'}", "{16, 19, 20, 14}", 1606
"{'人类心脏', '吊苔', '夜茄'}", "{16, 19, 14}", 1202
"{'蓝山花', '熊爪', '吊苔'}", "{35, 19, 42}", 1941
"{'熊爪', '吊苔', '小珍珠'}", "{35, 19, 6, 42}", 2094
"{'食人鱼卵', '大蒜', '红蜻蜓'}", "{32, 2, 40, 50}", 1660
"{'帝王伞苔', '巨魔脂肪', '红山花'}", "{43, 14, 31}", 911
"{'帝王伞苔', '灵质', '红山花'}", "{14, 31}", 348
"{'帝王伞苔', '红山花', '虚无盐'}", "{14, 31}", 348
"{'帝王伞苔', '荆棘之心', '红山花'}", "{7, 14, 31}", 501
"{'帝王伞苔', '灵质', '红山花'}", "{7, 14, 31}", 501
"{'帝王伞苔', '人肉', '红山花'}", "{7, 14, 31}", 501
"{'帝王伞苔', '红山花', '虚无盐'}", "{14, 31}", 348
"{'帝王伞苔', '灵质', '巨魔脂肪'}", "{43, 14, 31}", 911
"{'帝王伞苔', '巨魔脂肪', '虚无盐'}", "{43, 14, 31}", 911
"{'帝王伞苔', '巨魔脂肪', '毒蝇伞'}", "{43, 20, 14}", 988
"{'帝王伞苔', '巨魔脂肪', '伐莫耳'}", "{2, 20, 43, 14}", 1426
"{'帝王伞苔', '巨魔脂肪', '飞天菇菌'}", "{43, 20, 14}", 988
"{'帝王伞苔', '人类心脏', '巨魔脂肪'}", "{43, 20, 14}", 988
"{'帝王伞苔', '巨魔脂肪', '雪精灵耳'}", "{2, 20, 43, 14}", 1426
"{'帝王伞苔', '灵质', '虚无盐'}", "{14, 31}", 348
"{'帝王伞苔', '灵质', '红山花'}", "{7, 14, 31}", 501
"{'帝王伞苔', '灵质', '荆棘之心'}", "{7, 14, 31}", 501
"{'帝王伞苔', '灵质', '龙葵'}", "{44, 14, 31}", 1068
"{'帝王伞苔', '灵质', '人肉'}", "{7, 14, 31}", 501
"{'帝王伞苔', '灵质', '虚无盐'}", "{14, 31}", 348
"{'帝王伞苔', '灵质', '夜茄'}", "{44, 14, 31}", 1068
"{'帝王伞苔', '红山花', '虚无盐'}", "{14, 31}", 348
"{'帝王伞苔', '灵质', '虚无盐'}", "{14, 31}", 348
"{'帝王伞苔', '奈恩根', '虚无盐'}", "{23, 14, 31}", 595
"{'帝王伞苔', '深红奈恩根', '虚无盐'}", "{23, 14, 31}", 595
"{'帝王伞苔', '苔原棉花', '虚无盐'}", "{23, 14, 31}", 595
"{'帝王伞苔', '猩红奈恩根', '虚无盐'}", "{23, 14, 31}", 595
"{'剑齿虎眼', '帝王蝴蝶翅膀', '蝴蝶翅膀'}", "{16, 4, 53, 28}", 601
"{'魔族心脏', '帝王蝴蝶翅膀', '蝴蝶翅膀'}", "{16, 4, 53, 28}", 601
"{'剑齿虎眼', '帝王蝴蝶翅膀', '蝴蝶翅膀'}", "{16, 4, 53, 28}", 601
"{'魔族心脏', '帝王蝴蝶翅膀', '蝴蝶翅膀'}", "{16, 4, 53, 28}", 601
"{'魔族心脏', '剑齿虎眼', '帝王蝴蝶翅膀'}", "{16, 4}", 323
"{'剑齿虎眼', '帝王蝴蝶翅膀', '蝴蝶翅膀'}", "{16, 4}", 323
"{'剑齿虎眼', '帝王蝴蝶翅膀', '焦黑的恶鼠皮'}", "{16, 4, 6}", 476
"{'魔族心脏', '剑齿虎眼', '帝王蝴蝶翅膀'}", "{16, 4}", 323
"{'剑齿虎眼', '烧焦雪鼠尾巴', '帝王蝴蝶翅膀'}", "{16, 4, 6}", 476
"{'银岸鲈鱼', '剑齿虎眼', '帝王蝴蝶翅膀'}", "{16, 4, 46, 6}", 499
"{'魔族心脏', '帝王蝴蝶翅膀', '蝴蝶翅膀'}", "{16, 4}", 323
"{'魔族心脏', '剑齿虎眼', '帝王蝴蝶翅膀'}", "{16, 4}", 323
"{'魔族心脏', '蓝色蜻蜓', '帝王蝴蝶翅膀'}", "{16, 4, 21}", 774
"{'娜米拉腐菌', '魔族心脏', '帝王蝴蝶翅膀'}", "{16, 4, 21}", 774
"{'魔族心脏', '帝王蝴蝶翅膀', '小麦'}", "{16, 17, 4}", 914
"{'气母胶质', '毒茂花', '河布丁'}", "{18, 21, 45, 14}", 2383
"{'毒茂花', '丧钟花', '河布丁'}", "{18, 45, 14}", 1932
"{'水母果冻', '毒茂花', '河布丁'}", "{18, 21, 45, 14}", 2383
"{'毒茂花', '特拉玛根', '河布丁'}", "{18, 45, 14}", 1932
"{'真菌的根', '毒茂花', '河布丁'}", "{18, 45, 14}", 1932
"{'烈焰树精木片', '毒茂花', '河布丁'}", "{18, 27, 45, 14}", 2157
"{'毒茂花', '丧钟花', '河布丁'}", "{18, 45, 14}", 1932
"{'烧焦的树精木', '毒茂花', '河布丁'}", "{18, 27, 45, 14}", 2157
"{'毒茂花', '特拉玛根', '河布丁'}", "{18, 45, 14}", 1932
"{'真菌的根', '毒茂花', '河布丁'}", "{18, 45, 14}", 1932
"{'气母胶质', '毒茂花', '丧钟花'}", "{18, 45, 21, 14}", 2383
"{'水母果冻', '气母胶质', '毒茂花'}", "{45, 21}", 1442
"{'气母胶质', '毒茂花', '特拉玛根'}", "{18, 45, 21}", 2362
"{'真菌的根', '气母胶质', '毒茂花'}", "{18, 45, 21}", 2362
"{'猛犸牙粉', '气母胶质', '毒茂花'}", "{45, 21, 6}", 1595
"{'水母果冻', '气母胶质', '毒茂花'}", "{21, 6, 24, 45}", 2666
"{'气母胶质', '毒茂花', '闪光花'}", "{24, 45, 21}", 2513
"{'气母胶质', '毒茂花', '幽光萌花'}", "{24, 45, 21}", 2513
"{'气母胶质', '毒茂花', '幽魂外皮'}", "{45, 21, 6}", 1595
"{'鹰喙', '气母胶质', '毒茂花'}", "{45, 21, 6}", 1595
"{'水母果冻', '毒茂花', '丧钟花'}", "{18, 21, 45, 14}", 2383
"{'毒茂花', '特拉玛根', '丧钟花'}", "{18, 45, 14}", 1932
"{'真菌的根', '毒茂花', '丧钟花'}", "{18, 45, 14}", 1932
"{'毒茂花', '短鹿角', '丧钟花'}", "{1, 18, 14}", 1134
"{'毒茂花', '丧钟花', '河布丁'}", "{18, 14}", 941
"{'水母果冻', '毒茂花', '特拉玛根'}", "{18, 45, 21}", 2362
"{'真菌的根', '水母果冻', '毒茂花'}", "{18, 45, 21}", 2362
"{'猛犸牙粉', '水母果冻', '毒茂花'}", "{45, 21, 6}", 1595
"{'气母胶质', '水母果冻', '毒茂花'}", "{21, 6, 24, 45}", 2666
"{'水母果冻', '毒茂花', '闪光花'}", "{24, 45, 21}", 2513
"{'水母果冻', '毒茂花', '幽光萌花'}", "{24, 45, 21}", 2513
"{'水母果冻', '毒茂花', '幽魂外皮'}", "{45, 21, 6}", 1595
"{'鹰喙', '水母果冻', '毒茂花'}", "{45, 21, 6}", 1595
"{'真菌的根', '毒茂花', '特拉玛根'}", "{18, 45}", 1911
"{'毒茂花', '特拉玛根', '河布丁'}", "{18, 45}", 1911
"{'乌鸦鬼婆之羽', '毒茂花', '特拉玛根'}", "{16, 49, 18, 45}", 2313
"{'真菌的根', '毒茂花', '特拉玛根'}", "{16, 49, 18, 45}", 2313
"{'真菌的根', '毒茂花', '河布丁'}", "{18, 45}", 1911
"{'真菌的根', '毒茂花', '特拉玛根'}", "{16, 49, 18, 45}", 2313
"{'真菌的根', '毒茂花', '乌鸦鬼婆之羽'}", "{16, 49, 18, 45}", 2313
"{'毒蝇伞', '巨魔脂肪', '飞天菇菌'}", "{20, 11, 10, 43}", 2221
"{'毒蝇伞', '龙舌兰', '飞天菇菌'}", "{20, 11, 10, 43}", 2221
"{'毒蝇伞', '巨魔脂肪', '飞天菇菌'}", "{20, 11, 10, 43}", 2221
"{'毒蝇伞', '龙舌兰', '飞天菇菌'}", "{20, 11, 10, 43}", 2221
"{'毒蝇伞', '巨魔脂肪', '龙舌兰'}", "{10, 43, 20}", 1375
"{'毒蝇伞', '巨魔脂肪', '伐莫耳'}", "{2, 20, 43, 14}", 1426
"{'毒蝇伞', '巨魔脂肪', '飞天菇菌'}", "{43, 20}", 967
"{'毒蝇伞', '人类心脏', '巨魔脂肪'}", "{43, 20, 14}", 988
"{'毒蝇伞', '巨魔脂肪', '雪精灵耳'}", "{2, 20, 43, 14}", 1426
"{'毒蝇伞', '飞天菇菌', '龙舌兰'}", "{10, 43}", 971
"{'短鹿角', '丧钟花', '龙葵'}", "{1, 53, 14}", 262
"{'短鹿角', '夜茄', '龙葵'}", "{53, 14}", 69
"{'短鹿角', '光尘', '龙葵'}", "{19, 44, 53, 14}", 1775
"{'短鹿角', '鸡蛋', '龙葵'}", "{19, 53, 14}", 1055
"{'加林根', '短鹿角', '龙葵'}", "{19, 53, 14}", 1055
"{'灵质', '短鹿角', '龙葵'}", "{44, 53, 14}", 789
"{'人类心脏', '短鹿角', '龙葵'}", "{19, 53, 14}", 1055
"{'短鹿角', '夜茄', '龙葵'}", "{19, 53, 44, 14}", 1775
"{'鹰的蛋', '短鹿角', '龙葵'}", "{19, 53, 14}", 1055
"{'短鹿角', '夜茄', '丧钟花'}", "{1, 53, 14}", 262
"{'河布丁', '短鹿角', '丧钟花'}", "{1, 18, 14}", 1134
"{'短鹿角', '夜茄', '光尘'}", "{19, 44, 53, 14}", 1775
"{'短鹿角', '夜茄', '鸡蛋'}", "{19, 53, 14}", 1055
"{'短鹿角', '夜茄', '加林根'}", "{19, 53, 14}", 1055
"{'灵质', '短鹿角', '夜茄'}", "{44, 53, 14}", 789
"{'短鹿角', '夜茄', '龙葵'}", "{19, 53, 44, 14}", 1775
"{'人类心脏', '短鹿角', '夜茄'}", "{19, 53, 14}", 1055
"{'鹰的蛋', '短鹿角', '夜茄'}", "{19, 53, 14}", 1055
"{'恶鼠尾巴', '银岸鲈鱼', '雪鼠尾巴'}", "{17, 14, 29, 46}", 891
"{'恶鼠尾巴', '银岸鲈鱼', '雪鼠尾巴'}", "{17, 14, 29, 46}", 891
"{'寒霜甘草', '恶鼠尾巴', '银岸鲈鱼'}", "{17, 46, 9}", 1022
"{'剑齿虎眼', '恶鼠尾巴', '银岸鲈鱼'}", "{17, 46, 6}", 767
"{'小珍珠', '恶鼠尾巴', '银岸鲈鱼'}", "{17, 6, 46, 9}", 1175
"{'希思特鲤鱼', '恶鼠尾巴', '银岸鲈鱼'}", "{17, 46, 6}", 767
"{'恶鼠尾巴', '银岸鲈鱼', '雪鼠尾巴'}", "{17, 46}", 614
"{'鹰喙', '恶鼠尾巴', '银岸鲈鱼'}", "{17, 6, 46, 9}", 1175
"{'紫山花', '恶鼠尾巴', '银岸鲈鱼'}", "{17, 6, 46, 9}", 1175
"{'人类心脏', '巨魔脂肪', '伐莫耳'}", "{2, 20, 14}", 863
"{'雪精灵耳', '巨魔脂肪', '伐莫耳'}", "{2, 20, 26, 14}", 986
"{'巨魔脂肪', '伐莫耳', '飞天菇菌'}", "{2, 20, 43, 14}", 1426
"{'人类心脏', '巨魔脂肪', '伐莫耳'}", "{2, 20, 14}", 863
"{'雪精灵耳', '巨魔脂肪', '伐莫耳'}", "{2, 20, 14}", 863
"{'雪精灵耳', '人类心脏', '伐莫耳'}", "{2, 20, 26, 14}", 986
"{'人类心脏', '光尘', '伐莫耳'}", "{16, 19, 20, 14}", 1606
"{'人类心脏', '巨魔脂肪', '伐莫耳'}", "{20, 14}", 425
"{'人类心脏', '伐莫耳', '加林根'}", "{16, 19, 20, 14}", 1606
"{'人类心脏', '伐莫耳', '龙葵'}", "{19, 20, 14}", 1411
"{'乌鸦鬼婆之羽', '人类心脏', '伐莫耳'}", "{16, 20, 14}", 620
"{'雪精灵耳', '人类心脏', '伐莫耳'}", "{20, 14}", 425
"{'人类心脏', '夜茄', '伐莫耳'}", "{19, 20, 14}", 1411
"{'雪精灵耳', '巨魔脂肪', '伐莫耳'}", "{2, 20, 26, 14}", 986
"{'雪精灵耳', '人类心脏', '伐莫耳'}", "{2, 20, 26, 14}", 986
"{'蜜蜂', '蜂巢', '珍珠'}", "{48, 41, 6}", 807
"{'荆棘之心', '蜂巢', '珍珠'}", "{41, 6, 7}", 868
"{'松木画眉蛋', '蜂巢', '珍珠'}", "{41, 51, 6}", 1123
"{'鹰喙', '蜂巢', '珍珠'}", "{41, 51, 6}", 1123
"{'鹰羽毛', '法萨德燕鸥羽毛', '蜂箱外壳'}", "{29, 38, 55}", 854
"{'焦黑的恶鼠皮', '灰烬跳虫胶质', '法萨德燕鸥羽毛'}", "{4, 29, 55}", 420
"{'烧焦雪鼠尾巴', '灰烬跳虫胶质', '法萨德燕鸥羽毛'}", "{4, 29, 55}", 420
"{'鹰羽毛', '灰烬跳虫胶质', '法萨德燕鸥羽毛'}", "{4, 29, 55}", 420
"{'蓝色蜻蜓', '灰烬跳虫胶质', '法萨德燕鸥羽毛'}", "{51, 4, 29}", 792
"{'沼泽真菌荚', '灰烬跳虫胶质', '法萨德燕鸥羽毛'}", "{51, 4, 29}", 792
"{'焦黑的恶鼠皮', '烧焦雪鼠尾巴', '法萨德燕鸥羽毛'}", "{4, 55}", 164
"{'鹰羽毛', '焦黑的恶鼠皮', '法萨德燕鸥羽毛'}", "{4, 29, 55}", 420
"{'焦黑的恶鼠皮', '剑齿虎眼', '法萨德燕鸥羽毛'}", "{4, 6, 55}", 317
"{'泥沼蟹壳', '焦黑的恶鼠皮', '法萨德燕鸥羽毛'}", "{2, 4, 6, 55}", 755
"{'焦黑的恶鼠皮', '烧焦雪鼠尾巴', '法萨德燕鸥羽毛'}", "{2, 4, 6, 55}", 755
"{'鹰羽毛', '烧焦雪鼠尾巴', '法萨德燕鸥羽毛'}", "{4, 29, 55}", 420
"{'剑齿虎眼', '烧焦雪鼠尾巴', '法萨德燕鸥羽毛'}", "{4, 6, 55}", 317
"{'焦黑的恶鼠皮', '烧焦雪鼠尾巴', '法萨德燕鸥羽毛'}", "{2, 4, 6, 55}", 755
"{'泥沼蟹壳', '烧焦雪鼠尾巴', '法萨德燕鸥羽毛'}", "{2, 4, 6, 55}", 755
"{'巨魔脂肪', '龙舌兰', '飞天菇菌'}", "{10, 43, 20}", 1375
"{'人类心脏', '巨魔脂肪', '飞天菇菌'}", "{43, 20, 14}", 988
"{'巨魔脂肪', '雪精灵耳', '飞天菇菌'}", "{2, 20, 43, 14}", 1426
"{'龙葵', '光尘', '加林根'}", "{16, 19, 44}", 1901
"{'人类心脏', '光尘', '加林根'}", "{16, 19}", 1181
"{'微光伞菌', '光尘', '加林根'}", "{16, 51, 19, 44}", 2309
"{'夜茄', '光尘', '加林根'}", "{16, 19, 44}", 1901
"{'荧光菇', '光尘', '加林根'}", "{16, 51, 19, 44}", 2309
"{'蓝蝶翅膀', '光尘', '加林根'}", "{16, 19, 15}", 1330
"{'龙葵', '光尘', '加林根'}", "{16, 19, 14}", 1202
"{'奈恩根', '光尘', '加林根'}", "{16, 19, 14, 15}", 1351
"{'人类心脏', '光尘', '加林根'}", "{16, 19, 14}", 1202
"{'光尘', '深红奈恩根', '加林根'}", "{16, 19, 14, 15}", 1351
"{'先祖蛾翅膀', '光尘', '加林根'}", "{16, 19, 15}", 1330
"{'猩红奈恩根', '光尘', '加林根'}", "{16, 19, 14, 15}", 1351
"{'夜茄', '光尘', '加林根'}", "{16, 19, 14}", 1202
"{'蜘蛛卵', '光尘', '加林根'}", "{16, 19, 15}", 1330
"{'人类心脏', '光尘', '龙葵'}", "{16, 19, 44}", 1901
"{'微光伞菌', '光尘', '龙葵'}", "{51, 19, 44}", 2114
"{'夜茄', '光尘', '龙葵'}", "{19, 44}", 1706
"{'荧光菇', '光尘', '龙葵'}", "{51, 19, 44}", 2114
"{'光尘', '鸡蛋', '龙葵'}", "{19, 44, 53}", 1754
"{'加林根', '光尘', '龙葵'}", "{19, 44, 14}", 1727
"{'灵质', '光尘', '龙葵'}", "{19, 44, 14}", 1727
"{'人类心脏', '光尘', '龙葵'}", "{19, 44, 14}", 1727
"{'夜茄', '光尘', '龙葵'}", "{19, 53, 44, 14}", 1775
"{'鹰的蛋', '光尘', '龙葵'}", "{19, 44, 53}", 1754
"{'人类心脏', '微光伞菌', '光尘'}", "{16, 51, 19, 44}", 2309
"{'人类心脏', '夜茄', '光尘'}", "{16, 19, 44}", 1901
"{'人类心脏', '光尘', '荧光菇'}", "{16, 51, 19, 44}", 2309
"{'人类心脏', '巨魔脂肪', '光尘'}", "{16, 19, 20, 14}", 1606
"{'人类心脏', '光尘', '加林根'}", "{16, 19, 14}", 1202
"{'人类心脏', '光尘', '龙葵'}", "{16, 19, 14}", 1202
"{'乌鸦鬼婆之羽', '人类心脏', '光尘'}", "{16, 19, 20}", 1585
"{'人类心脏', '光尘', '雪精灵耳'}", "{16, 19, 20, 14}", 1606
"{'人类心脏', '夜茄', '光尘'}", "{16, 19, 14}", 1202
"{'夜茄', '微光伞菌', '光尘'}", "{19, 51, 44}", 2114
"{'微光伞菌', '光尘', '荧光菇'}", "{51, 44}", 1128
"{'微光伞菌', '光尘', '荧光菇'}", "{34, 51, 35, 44}", 1914
"{'夜茄', '光尘', '荧光菇'}", "{51, 19, 44}", 2114
"{'夜茄', '光尘', '鸡蛋'}", "{19, 44, 53}", 1754
"{'夜茄', '光尘', '加林根'}", "{19, 44, 14}", 1727
"{'灵质', '夜茄', '光尘'}", "{19, 44, 14}", 1727
"{'夜茄', '光尘', '龙葵'}", "{19, 53, 44, 14}", 1775
"{'人类心脏', '夜茄', '光尘'}", "{19, 44, 14}", 1727
"{'鹰的蛋', '夜茄', '光尘'}", "{19, 44, 53}", 1754
"{'微光伞菌', '光尘', '荧光菇'}", "{34, 51, 35, 44}", 1914
"{'鲑鱼卵', '希思特鲤鱼', '架子湾葡萄'}", "{52, 6, 12, 31}", 1804
"{'鲑鱼卵', '架子湾葡萄', '盐堆'}", "{12, 22, 31}", 1366
"{'直立根', '鲑鱼卵', '架子湾葡萄'}", "{12, 22, 31}", 1366
"{'鲑鱼卵', '银岸鲈鱼', '希思特鲤鱼'}", "{17, 52, 6, 31}", 1549
"{'骨粉', '灰烬藤蔓丛', '灰烬魔尘'}", "{48, 10, 15}", 649
"{'蓝蝶翅膀', '骨粉', '灰烬藤蔓丛'}", "{33, 10, 15}", 917
"{'先祖蛾翅膀', '骨粉', '灰烬藤蔓丛'}", "{33, 10, 15}", 917
"{'奈恩根', '骨粉', '灰烬藤蔓丛'}", "{10, 54, 15}", 1802
"{'骨粉', '灰烬藤蔓丛', '深红奈恩根'}", "{10, 54, 15}", 1802
"{'猩红奈恩根', '骨粉', '灰烬藤蔓丛'}", "{10, 54, 15}", 1802
"{'骨粉', '蓝蝶翅膀', '灰烬魔尘'}", "{48, 33, 10, 15}", 1009
"{'先祖蛾翅膀', '骨粉', '灰烬魔尘'}", "{48, 33, 10, 15}", 1009
"{'骨粉', '痛苦草', '灰烬魔尘'}", "{48, 10, 47}", 557
"{'雪果', '骨粉', '灰烬魔尘'}", "{48, 25, 10}", 549
"{'先祖蛾翅膀', '骨粉', '蓝蝶翅膀'}", "{33, 15}", 509
"{'骨粉', '蓝蝶翅膀', '加林根'}", "{33, 19, 15}", 1495
"{'蓝山花', '骨粉', '蓝蝶翅膀'}", "{33, 19, 15}", 1495
"{'树精的树液', '骨粉', '蓝蝶翅膀'}", "{33, 19, 25, 15}", 1544
"{'先祖蛾翅膀', '骨粉', '蓝蝶翅膀'}", "{33, 19, 25, 15}", 1544
"{'蜘蛛卵', '骨粉', '蓝蝶翅膀'}", "{33, 19, 15}", 1495
"{'先祖蛾翅膀', '骨粉', '加林根'}", "{33, 19, 15}", 1495
"{'先祖蛾翅膀', '骨粉', '蓝山花'}", "{33, 19, 15}", 1495
"{'先祖蛾翅膀', '骨粉', '蓝蝶翅膀'}", "{33, 19, 25, 15}", 1544
"{'先祖蛾翅膀', '树精的树液', '骨粉'}", "{33, 19, 25, 15}", 1544
"{'先祖蛾翅膀', '骨粉', '蜘蛛卵'}", "{33, 19, 15}", 1495
"{'寒霜甘草', '紫山花', '银岸鲈鱼'}", "{38, 17, 9}", 1561
"{'寒霜甘草', '剑齿虎眼', '银岸鲈鱼'}", "{46, 17, 9, 6}", 1175
"{'寒霜甘草', '小珍珠', '银岸鲈鱼'}", "{17, 9, 6}", 1152
"{'寒霜甘草', '希思特鲤鱼', '银岸鲈鱼'}", "{17, 9, 6}", 1152
"{'寒霜甘草', '银岸鲈鱼', '雪鼠尾巴'}", "{46, 17, 9}", 1022
"{'寒霜甘草', '鹰喙', '银岸鲈鱼'}", "{17, 9, 6}", 1152
"{'寒霜甘草', '紫山花', '银岸鲈鱼'}", "{17, 9, 6}", 1152
"{'寒霜甘草', '猛犸牙粉', '紫山花'}", "{9, 38, 6}", 1123
"{'寒霜甘草', '紫山花', '小珍珠'}", "{9, 38, 6}", 1123
"{'寒霜甘草', '萤火虫的胸壳', '紫山花'}", "{9, 3, 38, 6}", 1392
"{'寒霜甘草', '紫山花', '银岸鲈鱼'}", "{9, 38, 6}", 1123
"{'寒霜甘草', '鹰喙', '紫山花'}", "{9, 38, 6}", 1123
"{'烈焰树精木片', '河布丁', '丧钟花'}", "{18, 27, 14}", 1166
"{'烈焰树精木片', '烧焦的树精木', '河布丁'}", "{18, 27}", 1145
"{'烈焰树精木片', '河布丁', '特拉玛根'}", "{18, 27, 45}", 2136
"{'烈焰树精木片', '河布丁', '真菌的根'}", "{18, 27, 45}", 2136
"{'烈焰树精木片', '河布丁', '树精的树液'}", "{19, 18, 27}", 2131
"{'烈焰树精木片', '烧焦的树精木', '河布丁'}", "{18, 19, 8, 27}", 2309
"{'烧焦的树精木', '河布丁', '丧钟花'}", "{18, 27, 14}", 1166
"{'河布丁', '特拉玛根', '丧钟花'}", "{18, 45, 14}", 1932
"{'真菌的根', '河布丁', '丧钟花'}", "{18, 45, 14}", 1932
"{'烧焦的树精木', '河布丁', '特拉玛根'}", "{18, 27, 45}", 2136
"{'真菌的根', '烧焦的树精木', '河布丁'}", "{18, 27, 45}", 2136
"{'烈焰树精木片', '烧焦的树精木', '河布丁'}", "{18, 19, 8, 27}", 2309
"{'树精的树液', '烧焦的树精木', '河布丁'}", "{19, 18, 27}", 2131
"{'真菌的根', '河布丁', '特拉玛根'}", "{18, 45}", 1911
"{'乌鸦鬼婆之羽', '河布丁', '特拉玛根'}", "{16, 49, 18, 45}", 2313
"{'真菌的根', '河布丁', '特拉玛根'}", "{16, 49, 18, 45}", 2313
"{'真菌的根', '河布丁', '特拉玛根'}", "{16, 49, 18, 45}", 2313
"{'真菌的根', '河布丁', '乌鸦鬼婆之羽'}", "{16, 49, 18, 45}", 2313
"{'精灵耳', '火盐', '月亮糖'}", "{5, 7, 10, 12}", 1555
"{'直立根', '精灵耳', '火盐'}", "{5, 7, 10, 12}", 1555
"{'直立根', '火盐', '月亮糖'}", "{12, 7}", 999
"{'霜盐', '火盐', '月亮糖'}", "{7, 8, 9, 12}", 1585
"{'直立根', '火盐', '月亮糖'}", "{12, 7}", 999
"{'直立根', '架子湾葡萄', '火盐'}", "{12, 22, 7}", 1192
"{'直立根', '火盐', '鳞片伞菌'}", "{12, 22, 36, 7}", 1642
"{'直立根', '树伞菌', '火盐'}", "{12, 36, 7}", 1449
"{'直立根', '天鹅菇', '火盐'}", "{12, 36, 7}", 1449
"{'直立根', '藤蔓丛', '火盐'}", "{12, 22, 7}", 1192
"{'直立根', '火盐', '月亮糖'}", "{12, 7}", 999
"{'直立根', '火盐', '盐堆'}", "{12, 22, 7}", 1192
"{'奈恩根', '灰烬藤蔓丛', '深红奈恩根'}", "{54, 15}", 1394
"{'猩红奈恩根', '奈恩根', '灰烬藤蔓丛'}", "{54, 15}", 1394
"{'奈恩根', '灰烬藤蔓丛', '加林根'}", "{14, 54, 15}", 1415
"{'奈恩根', '灰烬藤蔓丛', '深红奈恩根'}", "{54, 23, 14, 15}", 1662
"{'奈恩根', '灰烬藤蔓丛', '虚无盐'}", "{14, 23, 54, 15}", 1662
"{'猩红奈恩根', '奈恩根', '灰烬藤蔓丛'}", "{54, 23, 14, 15}", 1662
"{'猩红奈恩根', '灰烬藤蔓丛', '深红奈恩根'}", "{54, 15}", 1394
"{'灰烬藤蔓丛', '深红奈恩根', '加林根'}", "{14, 54, 15}", 1415
"{'奈恩根', '灰烬藤蔓丛', '深红奈恩根'}", "{54, 23, 14, 15}", 1662
"{'灰烬藤蔓丛', '深红奈恩根', '虚无盐'}", "{14, 23, 54, 15}", 1662
"{'猩红奈恩根', '灰烬藤蔓丛', '深红奈恩根'}", "{54, 23, 14, 15}", 1662
"{'猩红奈恩根', '灰烬藤蔓丛', '加林根'}", "{14, 54, 15}", 1415
"{'猩红奈恩根', '奈恩根', '灰烬藤蔓丛'}", "{54, 23, 14, 15}", 1662
"{'猩红奈恩根', '灰烬藤蔓丛', '深红奈恩根'}", "{54, 23, 14, 15}", 1662
"{'猩红奈恩根', '灰烬藤蔓丛', '虚无盐'}", "{14, 23, 54, 15}", 1662
"{'沼泽真菌荚', '蓝色蜻蜓', '灰烬跳虫胶质'}", "{51, 4}", 536
"{'蓝色蜻蜓', '魔族心脏', '灰烬跳虫胶质'}", "{51, 4, 21}", 987
"{'沼泽真菌荚', '蓝色蜻蜓', '灰烬跳虫胶质'}", "{51, 4}", 536
"{'沼泽真菌荚', '蓝色蜻蜓', '灰烬跳虫胶质'}", "{51, 4}", 536
"{'沼泽真菌荚', '小恶魔菌', '灰烬跳虫胶质'}", "{24, 51, 4}", 1607
"{'沼泽真菌荚', '小麦', '灰烬跳虫胶质'}", "{3, 51, 4}", 805
"{'雪果', '痛苦草', '灰烬魔尘'}", "{48, 25, 10, 47}", 606
"{'痛苦草', '灰烬魔尘', '红蜻蜓'}", "{48, 50, 47}", 472
"{'鹰喙', '雪果', '灰烬魔尘'}", "{25, 10, 51, 9}", 1273
"{'灵质', '荆棘之心', '红山花'}", "{7, 14, 31}", 501
"{'荆棘之心', '人肉', '红山花'}", "{7, 14, 31}", 501
"{'荆棘之心', '红山花', '虚无盐'}", "{7, 14, 31}", 501
"{'灵质', '荆棘之心', '红山花'}", "{7, 31}", 480
"{'荆棘之心', '人肉', '红山花'}", "{24, 7, 31}", 1551
"{'荆棘之心', '红山花', '苔原棉花'}", "{41, 7, 31}", 1042
"{'荆棘之心', '红山花', '珍珠'}", "{41, 7, 31}", 1042
"{'灵质', '人肉', '红山花'}", "{7, 14, 31}", 501
"{'灵质', '红山花', '虚无盐'}", "{7, 14, 31}", 501
"{'灵质', '荆棘之心', '红山花'}", "{7, 14, 31}", 501
"{'灵质', '红山花', '龙葵'}", "{7, 44, 14, 31}", 1221
"{'灵质', '人肉', '红山花'}", "{7, 14, 31}", 501
"{'灵质', '红山花', '虚无盐'}", "{7, 14, 31}", 501
"{'灵质', '夜茄', '红山花'}", "{7, 44, 14, 31}", 1221
"{'人肉', '红山花', '虚无盐'}", "{31, 14, 7}", 501
"{'荆棘之心', '人肉', '红山花'}", "{24, 14, 7}", 1245
"{'灵质', '人肉', '红山花'}", "{14, 7}", 174
"{'人肉', '红山花', '小恶魔菌'}", "{24, 14, 7}", 1245
"{'灵质', '红山花', '虚无盐'}", "{14, 31}", 348
"{'奈恩根', '红山花', '虚无盐'}", "{23, 14, 31}", 595
"{'红山花', '深红奈恩根', '虚无盐'}", "{23, 14, 31}", 595
"{'红山花', '苔原棉花', '虚无盐'}", "{23, 14, 31}", 595
"{'猩红奈恩根', '红山花', '虚无盐'}", "{23, 14, 31}", 595
"{'巨人脚趾', '黄山花', '小麦'}", "{17, 35}", 984
"{'巨人脚趾', '黄山花', '藤蔓丛'}", "{17, 35, 45}", 1975
"{'巨人脚趾', '黄山花', '小麦'}", "{17, 35}", 984
"{'巨人脚趾', '黄山花', '小麦'}", "{17, 35}", 984
"{'蓝山花', '黄山花', '小麦'}", "{17, 35, 4}", 1112
"{'魔族心脏', '黄山花', '小麦'}", "{17, 35, 4}", 1112
"{'沼泽真菌荚', '黄山花', '小麦'}", "{3, 17, 35, 4}", 1381
"{'食人鱼卵', '痛苦草', '红蜻蜓'}", "{40, 50, 47}", 942
"{'剑齿虎眼', '魔族心脏', '蝴蝶翅膀'}", "{16, 4}", 323
"{'焦黑的恶鼠皮', '剑齿虎眼', '蝴蝶翅膀'}", "{16, 4, 6}", 476
"{'剑齿虎眼', '魔族心脏', '蝴蝶翅膀'}", "{16, 4}", 323
"{'剑齿虎眼', '烧焦雪鼠尾巴', '蝴蝶翅膀'}", "{16, 4, 6}", 476
"{'剑齿虎眼', '银岸鲈鱼', '蝴蝶翅膀'}", "{16, 4, 46, 6}", 499
"{'剑齿虎眼', '魔族心脏', '蝴蝶翅膀'}", "{16, 4}", 323
"{'蓝色蜻蜓', '魔族心脏', '蝴蝶翅膀'}", "{16, 4, 21}", 774
"{'娜米拉腐菌', '魔族心脏', '蝴蝶翅膀'}", "{16, 4, 21}", 774
"{'魔族心脏', '小麦', '蝴蝶翅膀'}", "{16, 17, 4}", 914
"{'鹰喙', '松木画眉蛋', '剑齿虎牙齿'}", "{1, 51, 6}", 754
"{'松木画眉蛋', '剑齿虎牙齿', '珍珠'}", "{1, 51, 6}", 754
"{'剑齿虎眼', '魔族心脏', '焦黑的恶鼠皮'}", "{16, 4, 6}", 476
"{'剑齿虎眼', '烧焦雪鼠尾巴', '焦黑的恶鼠皮'}", "{4, 6}", 281
"{'剑齿虎眼', '银岸鲈鱼', '焦黑的恶鼠皮'}", "{46, 4, 6}", 304
"{'泥沼蟹壳', '剑齿虎眼', '焦黑的恶鼠皮'}", "{2, 4, 6, 55}", 755
"{'剑齿虎眼', '烧焦雪鼠尾巴', '焦黑的恶鼠皮'}", "{2, 4, 6, 55}", 755
"{'剑齿虎眼', '烧焦雪鼠尾巴', '魔族心脏'}", "{16, 4, 6}", 476
"{'银岸鲈鱼', '剑齿虎眼', '魔族心脏'}", "{16, 4, 46, 6}", 499
"{'剑齿虎眼', '蓝色蜻蜓', '魔族心脏'}", "{16, 4, 21}", 774
"{'娜米拉腐菌', '剑齿虎眼', '魔族心脏'}", "{16, 4, 21}", 774
"{'剑齿虎眼', '魔族心脏', '小麦'}", "{16, 17, 4}", 914
"{'剑齿虎眼', '烧焦雪鼠尾巴', '银岸鲈鱼'}", "{46, 4, 6}", 304
"{'剑齿虎眼', '烧焦雪鼠尾巴', '焦黑的恶鼠皮'}", "{2, 4, 6, 55}", 755
"{'泥沼蟹壳', '剑齿虎眼', '烧焦雪鼠尾巴'}", "{2, 4, 6, 55}", 755
"{'剑齿虎眼', '小珍珠', '银岸鲈鱼'}", "{9, 46, 6}", 584
"{'希思特鲤鱼', '剑齿虎眼', '银岸鲈鱼'}", "{17, 46, 6}", 767
"{'剑齿虎眼', '银岸鲈鱼', '雪鼠尾巴'}", "{17, 46, 6}", 767
"{'鹰喙', '剑齿虎眼', '银岸鲈鱼'}", "{9, 46, 6}", 584
"{'剑齿虎眼', '银岸鲈鱼', '紫山花'}", "{9, 46, 6}", 584
"{'巨人脚趾', '藤蔓丛', '小麦'}", "{17, 35, 45}", 1975
"{'巨人脚趾', '藤蔓丛', '鳞片伞菌'}", "{17, 45, 22}", 1775
"{'直立根', '巨人脚趾', '藤蔓丛'}", "{17, 45, 22, 7}", 1928
"{'巨人脚趾', '蓝山花', '小麦'}", "{17, 35, 4}", 1112
"{'巨人脚趾', '魔族心脏', '小麦'}", "{17, 35, 4}", 1112
"{'沼泽真菌荚', '巨人脚趾', '小麦'}", "{3, 17, 35, 4}", 1381
"{'人类心脏', '巨魔脂肪', '雪精灵耳'}", "{2, 20, 14}", 863
"{'人类心脏', '巨魔脂肪', '加林根'}", "{16, 19, 20, 14}", 1606
"{'人类心脏', '巨魔脂肪', '龙葵'}", "{19, 20, 14}", 1411
"{'乌鸦鬼婆之羽', '人类心脏', '巨魔脂肪'}", "{16, 20, 14}", 620
"{'人类心脏', '巨魔脂肪', '雪精灵耳'}", "{20, 14}", 425
"{'人类心脏', '巨魔脂肪', '夜茄'}", "{19, 20, 14}", 1411
"{'人类心脏', '巨魔脂肪', '雪精灵耳'}", "{2, 20, 14}", 863
"{'直立根', '架子湾葡萄', '盐堆'}", "{12, 22}", 1039
"{'直立根', '架子湾葡萄', '盐堆'}", "{12, 22}", 1039
"{'直立根', '架子湾葡萄', '鳞片伞菌'}", "{12, 22, 36}", 1489
"{'直立根', '树伞菌', '架子湾葡萄'}", "{12, 7, 22, 36}", 1642
"{'直立根', '天鹅菇', '架子湾葡萄'}", "{12, 7, 22, 36}", 1642
"{'直立根', '藤蔓丛', '架子湾葡萄'}", "{12, 22, 7}", 1192
"{'直立根', '架子湾葡萄', '月亮糖'}", "{12, 22, 7}", 1192
"{'直立根', '架子湾葡萄', '盐堆'}", "{12, 22}", 1039
"{'泥沼蟹壳', '焦黑的恶鼠皮', '烧焦雪鼠尾巴'}", "{2, 4, 6, 55}", 755
"{'泥沼蟹壳', '焦黑的恶鼠皮', '烧焦雪鼠尾巴'}", "{2, 6, 55}", 627
"{'泥沼蟹壳', '焦黑的恶鼠皮', '烧焦雪鼠尾巴'}", "{2, 4, 6, 55}", 755
"{'灵质', '荆棘之心', '人肉'}", "{24, 7, 31}", 1551
"{'灵质', '荆棘之心', '苔原棉花'}", "{41, 7, 31}", 1042
"{'灵质', '荆棘之心', '珍珠'}", "{41, 7, 31}", 1042
"{'灵质', '荆棘之心', '龙葵'}", "{7, 14, 44, 31}", 1221
"{'灵质', '荆棘之心', '人肉'}", "{7, 14, 31}", 501
"{'灵质', '荆棘之心', '虚无盐'}", "{7, 14, 31}", 501
"{'灵质', '荆棘之心', '夜茄'}", "{7, 14, 44, 31}", 1221
"{'荆棘之心', '人肉', '苔原棉花'}", "{24, 41, 31, 7}", 2113
"{'荆棘之心', '人肉', '珍珠'}", "{24, 41, 7}", 1786
"{'灵质', '荆棘之心', '人肉'}", "{24, 14, 7}", 1245
"{'荆棘之心', '人肉', '小恶魔菌'}", "{24, 14, 7}", 1245
"{'荆棘之心', '苔原棉花', '珍珠'}", "{41, 7, 31}", 1042
"{'荆棘之心', '乌鸦鬼婆之爪', '苔原棉花'}", "{41, 28, 23, 31}", 1366
"{'荆棘之心', '苔原棉花', '虚无盐'}", "{41, 23, 31}", 1136
"{'鲜血王冠', '荆棘之心', '苔原棉花'}", "{41, 23, 31}", 1136
"{'荆棘之心', '松木画眉蛋', '珍珠'}", "{41, 51, 6, 7}", 1276
"{'鹰喙', '荆棘之心', '珍珠'}", "{41, 51, 6, 7}", 1276
"{'夜茄', '鸡蛋', '龙葵'}", "{19, 53}", 1034
"{'鹰的蛋', '鸡蛋', '龙葵'}", "{19, 52, 53, 23}", 1759
"{'加林根', '鸡蛋', '龙葵'}", "{19, 53, 14}", 1055
"{'灵质', '鸡蛋', '龙葵'}", "{19, 44, 53, 14}", 1775
"{'人类心脏', '鸡蛋', '龙葵'}", "{19, 53, 14}", 1055
"{'夜茄', '鸡蛋', '龙葵'}", "{19, 53, 44, 14}", 1775
"{'鹰的蛋', '鸡蛋', '龙葵'}", "{19, 53}", 1034
"{'鹰的蛋', '夜茄', '鸡蛋'}", "{19, 52, 53, 23}", 1759
"{'夜茄', '鸡蛋', '加林根'}", "{19, 53, 14}", 1055
"{'灵质', '夜茄', '鸡蛋'}", "{19, 44, 53, 14}", 1775
"{'夜茄', '鸡蛋', '龙葵'}", "{19, 53, 44, 14}", 1775
"{'人类心脏', '夜茄', '鸡蛋'}", "{19, 53, 14}", 1055
"{'鹰的蛋', '夜茄', '鸡蛋'}", "{19, 53}", 1034
"{'鹰的蛋', '鸡蛋', '龙葵'}", "{19, 52, 53, 23}", 1759
"{'鹰的蛋', '夜茄', '鸡蛋'}", "{19, 52, 53, 23}", 1759
"{'蓝蝶翅膀', '龙葵', '加林根'}", "{19, 14, 15}", 1156
"{'奈恩根', '蓝蝶翅膀', '加林根'}", "{19, 14, 15}", 1156
"{'蓝蝶翅膀', '人类心脏', '加林根'}", "{16, 19, 14, 15}", 1351
"{'蓝蝶翅膀', '深红奈恩根', '加林根'}", "{19, 14, 15}", 1156
"{'先祖蛾翅膀', '蓝蝶翅膀', '加林根'}", "{19, 15}", 1135
"{'猩红奈恩根', '蓝蝶翅膀', '加林根'}", "{19, 14, 15}", 1156
"{'蓝蝶翅膀', '夜茄', '加林根'}", "{19, 14, 15}", 1156
"{'蜘蛛卵', '蓝蝶翅膀', '加林根'}", "{19, 15}", 1135
"{'蓝蝶翅膀', '蓝山花', '加林根'}", "{33, 19, 15}", 1495
"{'树精的树液', '蓝蝶翅膀', '加林根'}", "{25, 19, 15}", 1184
"{'先祖蛾翅膀', '蓝蝶翅膀', '加林根'}", "{33, 19, 25, 15}", 1544
"{'蜘蛛卵', '蓝蝶翅膀', '加林根'}", "{19, 15}", 1135
"{'奈恩根', '龙葵', '加林根'}", "{19, 14, 15}", 1156
"{'人类心脏', '龙葵', '加林根'}", "{16, 19, 14}", 1202
"{'龙葵', '深红奈恩根', '加林根'}", "{19, 14, 15}", 1156
"{'先祖蛾翅膀', '龙葵', '加林根'}", "{19, 14, 15}", 1156
"{'猩红奈恩根', '龙葵', '加林根'}", "{19, 14, 15}", 1156
"{'夜茄', '龙葵', '加林根'}", "{19, 14}", 1007
"{'蜘蛛卵', '龙葵', '加林根'}", "{19, 14, 15}", 1156
"{'灵质', '龙葵', '加林根'}", "{19, 44, 14}", 1727
"{'人类心脏', '龙葵', '加林根'}", "{19, 14}", 1007
"{'夜茄', '龙葵', '加林根'}", "{19, 53, 44, 14}", 1775
"{'鹰的蛋', '龙葵', '加林根'}", "{19, 53, 14}", 1055
"{'奈恩根', '人类心脏', '加林根'}", "{16, 19, 14, 15}", 1351
"{'奈恩根', '深红奈恩根', '加林根'}", "{14, 15}", 170
"{'先祖蛾翅膀', '奈恩根', '加林根'}", "{19, 14, 15}", 1156
"{'猩红奈恩根', '奈恩根', '加林根'}", "{14, 15}", 170
"{'奈恩根', '夜茄', '加林根'}", "{19, 14, 15}", 1156
"{'蜘蛛卵', '奈恩根', '加林根'}", "{19, 14, 15}", 1156
"{'奈恩根', '深红奈恩根', '加林根'}", "{54, 23, 14, 15}", 1662
"{'奈恩根', '虚无盐', '加林根'}", "{23, 14, 15}", 417
"{'猩红奈恩根', '奈恩根', '加林根'}", "{54, 23, 14, 15}", 1662
"{'人类心脏', '深红奈恩根', '加林根'}", "{16, 19, 14, 15}", 1351
"{'先祖蛾翅膀', '人类心脏', '加林根'}", "{16, 19, 14, 15}", 1351
"{'猩红奈恩根', '人类心脏', '加林根'}", "{16, 19, 14, 15}", 1351
"{'人类心脏', '夜茄', '加林根'}", "{16, 19, 14}", 1202
"{'蜘蛛卵', '人类心脏', '加林根'}", "{16, 19, 14, 15}", 1351
"{'人类心脏', '龙葵', '加林根'}", "{16, 19, 14}", 1202
"{'乌鸦鬼婆之羽', '人类心脏', '加林根'}", "{16, 19, 20, 14}", 1606
"{'人类心脏', '雪精灵耳', '加林根'}", "{16, 19, 20, 14}", 1606
"{'人类心脏', '夜茄', '加林根'}", "{16, 19, 14}", 1202
"{'先祖蛾翅膀', '深红奈恩根', '加林根'}", "{19, 14, 15}", 1156
"{'猩红奈恩根', '深红奈恩根', '加林根'}", "{14, 15}", 170
"{'夜茄', '深红奈恩根', '加林根'}", "{19, 14, 15}", 1156
"{'蜘蛛卵', '深红奈恩根', '加林根'}", "{19, 14, 15}", 1156
"{'奈恩根', '深红奈恩根', '加林根'}", "{54, 23, 14, 15}", 1662
"{'虚无盐', '深红奈恩根', '加林根'}", "{23, 14, 15}", 417
"{'猩红奈恩根', '深红奈恩根', '加林根'}", "{54, 23, 14, 15}", 1662
"{'先祖蛾翅膀', '猩红奈恩根', '加林根'}", "{19, 14, 15}", 1156
"{'先祖蛾翅膀', '夜茄', '加林根'}", "{19, 14, 15}", 1156
"{'先祖蛾翅膀', '蜘蛛卵', '加林根'}", "{19, 15}", 1135
"{'先祖蛾翅膀', '蓝山花', '加林根'}", "{33, 19, 15}", 1495
"{'先祖蛾翅膀', '蓝蝶翅膀', '加林根'}", "{33, 19, 25, 15}", 1544
"{'先祖蛾翅膀', '树精的树液', '加林根'}", "{25, 19, 15}", 1184
"{'先祖蛾翅膀', '蜘蛛卵', '加林根'}", "{19, 15}", 1135
"{'猩红奈恩根', '夜茄', '加林根'}", "{19, 14, 15}", 1156
"{'猩红奈恩根', '蜘蛛卵', '加林根'}", "{19, 14, 15}", 1156
"{'猩红奈恩根', '奈恩根', '加林根'}", "{54, 23, 14, 15}", 1662
"{'猩红奈恩根', '深红奈恩根', '加林根'}", "{54, 23, 14, 15}", 1662
"{'猩红奈恩根', '虚无盐', '加林根'}", "{23, 14, 15}", 417
"{'蜘蛛卵', '夜茄', '加林根'}", "{19, 14, 15}", 1156
"{'灵质', '夜茄', '加林根'}", "{19, 44, 14}", 1727
"{'夜茄', '龙葵', '加林根'}", "{19, 53, 44, 14}", 1775
"{'人类心脏', '夜茄', '加林根'}", "{19, 14}", 1007
"{'鹰的蛋', '夜茄', '加林根'}", "{19, 53, 14}", 1055
"{'蜘蛛卵', '蓝蝶翅膀', '加林根'}", "{19, 15}", 1135
"{'蜘蛛卵', '犬根', '加林根'}", "{19, 37, 15}", 1697
"{'蜘蛛卵', '先祖蛾翅膀', '加林根'}", "{19, 15}", 1135
"{'灵质', '人肉', '龙葵'}", "{44, 14, 7}", 894
"{'灵质', '虚无盐', '龙葵'}", "{44, 14, 31}", 1068
"{'灵质', '夜茄', '龙葵'}", "{44, 14}", 741
"{'灵质', '人类心脏', '龙葵'}", "{19, 44, 14}", 1727
"{'灵质', '夜茄', '龙葵'}", "{19, 53, 44, 14}", 1775
"{'灵质', '鹰的蛋', '龙葵'}", "{19, 44, 53, 14}", 1775
"{'灵质', '人肉', '虚无盐'}", "{31, 14, 7}", 501
"{'灵质', '人肉', '夜茄'}", "{44, 14, 7}", 894
"{'灵质', '人肉', '小恶魔菌'}", "{24, 14, 7}", 1245
"{'灵质', '夜茄', '虚无盐'}", "{44, 14, 31}", 1068
"{'灵质', '奈恩根', '虚无盐'}", "{23, 14, 31}", 595
"{'灵质', '深红奈恩根', '虚无盐'}", "{23, 14, 31}", 595
"{'灵质', '苔原棉花', '虚无盐'}", "{23, 14, 31}", 595
"{'灵质', '猩红奈恩根', '虚无盐'}", "{23, 14, 31}", 595
"{'灵质', '夜茄', '龙葵'}", "{19, 53, 44, 14}", 1775
"{'灵质', '人类心脏', '夜茄'}", "{19, 44, 14}", 1727
"{'灵质', '鹰的蛋', '夜茄'}", "{19, 44, 53, 14}", 1775
"{'烈焰树精木片', '烧焦的树精木', '树精的树液'}", "{18, 19, 8, 27}", 2309
"{'烈焰树精木片', '蓝蝶翅膀', '树精的树液'}", "{19, 25, 27}", 1260
"{'烈焰树精木片', '烧焦的树精木', '树精的树液'}", "{19, 27}", 1211
"{'先祖蛾翅膀', '烈焰树精木片', '树精的树液'}", "{19, 25, 27}", 1260
"{'烈焰树精木片', '烧焦的树精木', '树精的树液'}", "{18, 19, 8, 27}", 2309
"{'蓝蝶翅膀', '蓝山花', '小麦'}", "{33, 19, 4, 35}", 1867
"{'蓝蝶翅膀', '蓝山花', '熊爪'}", "{33, 19, 35}", 1739
"{'先祖蛾翅膀', '蓝蝶翅膀', '蓝山花'}", "{33, 19}", 1346
"{'树精的树液', '蓝蝶翅膀', '蓝山花'}", "{33, 19, 25}", 1395
"{'先祖蛾翅膀', '蓝蝶翅膀', '蓝山花'}", "{33, 19, 25, 15}", 1544
"{'蜘蛛卵', '蓝蝶翅膀', '蓝山花'}", "{33, 19, 15}", 1495
"{'熊爪', '蓝山花', '小麦'}", "{19, 35, 4}", 1507
"{'先祖蛾翅膀', '蓝山花', '小麦'}", "{19, 33, 35, 4}", 1867
"{'蓝山花', '魔族心脏', '小麦'}", "{17, 35, 4}", 1112
"{'沼泽真菌荚', '蓝山花', '小麦'}", "{3, 35, 4}", 790
"{'先祖蛾翅膀', '熊爪', '蓝山花'}", "{35, 19, 33}", 1739
"{'熊爪', '蓝山花', '小珍珠'}", "{35, 42, 19, 6}", 2094
"{'先祖蛾翅膀', '蓝蝶翅膀', '蓝山花'}", "{33, 19, 25, 15}", 1544
"{'先祖蛾翅膀', '树精的树液', '蓝山花'}", "{33, 19, 25}", 1395
"{'先祖蛾翅膀', '蓝山花', '蜘蛛卵'}", "{33, 19, 15}", 1495
"{'沼泽真菌荚', '蓝色蜻蜓', '魔族心脏'}", "{51, 4, 21}", 987
"{'娜米拉腐菌', '蓝色蜻蜓', '魔族心脏'}", "{16, 4, 21}", 774
"{'蓝色蜻蜓', '魔族心脏', '小麦'}", "{17, 4, 21}", 1170
"{'沼泽真菌荚', '蓝色蜻蜓', '小恶魔菌'}", "{24, 51, 4}", 1607
"{'沼泽真菌荚', '蓝色蜻蜓', '小麦'}", "{3, 51, 4}", 805
"{'先祖蛾翅膀', '树精的树液', '蓝蝶翅膀'}", "{33, 19, 25, 15}", 1544
"{'蜘蛛卵', '树精的树液', '蓝蝶翅膀'}", "{25, 19, 15}", 1184
"{'树精的树液', '蓝蝶翅膀', '烧焦的树精木'}", "{27, 25, 19}", 1260
"{'先祖蛾翅膀', '树精的树液', '蓝蝶翅膀'}", "{25, 19}", 1035
"{'先祖蛾翅膀', '蓝蝶翅膀', '蜘蛛卵'}", "{33, 19, 25, 15}", 1544
"{'先祖蛾翅膀', '树精的树液', '蓝蝶翅膀'}", "{33, 19, 25, 15}", 1544
"{'先祖蛾翅膀', '蓝蝶翅膀', '蜘蛛卵'}", "{33, 19, 25, 15}", 1544
"{'蜘蛛卵', '蓝蝶翅膀', '犬根'}", "{19, 37, 15}", 1697
"{'蜘蛛卵', '蓝蝶翅膀', '先祖蛾翅膀'}", "{19, 15}", 1135
"{'树伞菌', '天鹅菇', '鳞片伞菌'}", "{11, 36}", 1296
"{'树伞菌', '藤蔓丛', '鳞片伞菌'}", "{11, 36, 45, 22}", 2480
"{'树伞菌', '直立根', '鳞片伞菌'}", "{11, 36, 22}", 1489
"{'树伞菌', '天鹅菇', '鳞片伞菌'}", "{50, 36, 7, 11}", 1772
"{'树伞菌', '直立根', '鳞片伞菌'}", "{11, 36, 7}", 1449
"{'天鹅菇', '藤蔓丛', '鳞片伞菌'}", "{11, 36, 45, 22}", 2480
"{'天鹅菇', '直立根', '鳞片伞菌'}", "{11, 36, 22}", 1489
"{'天鹅菇', '树伞菌', '鳞片伞菌'}", "{50, 36, 7, 11}", 1772
"{'天鹅菇', '直立根', '鳞片伞菌'}", "{11, 36, 7}", 1449
"{'直立根', '藤蔓丛', '鳞片伞菌'}", "{36, 45, 22}", 1634
"{'直立根', '藤蔓丛', '鳞片伞菌'}", "{45, 22, 7}", 1337
"{'直立根', '树伞菌', '鳞片伞菌'}", "{36, 22, 7}", 796
"{'直立根', '天鹅菇', '鳞片伞菌'}", "{36, 22, 7}", 796
"{'直立根', '藤蔓丛', '鳞片伞菌'}", "{36, 22, 7}", 796
"{'直立根', '月亮糖', '鳞片伞菌'}", "{36, 12, 22, 7}", 1642
"{'直立根', '盐堆', '鳞片伞菌'}", "{36, 12, 22}", 1489
"{'人类心脏', '夜茄', '龙葵'}", "{19, 53, 44, 14}", 1775
"{'人类心脏', '鹰的蛋', '龙葵'}", "{19, 53, 14}", 1055
"{'乌鸦鬼婆之羽', '人类心脏', '龙葵'}", "{16, 19, 20, 14}", 1606
"{'人类心脏', '雪精灵耳', '龙葵'}", "{19, 20, 14}", 1411
"{'人类心脏', '夜茄', '龙葵'}", "{19, 14}", 1007
"{'鹰的蛋', '夜茄', '龙葵'}", "{19, 53, 44, 14}", 1775
"{'人类心脏', '夜茄', '龙葵'}", "{19, 53, 44, 14}", 1775
"{'鹰的蛋', '夜茄', '龙葵'}", "{19, 53, 44, 14}", 1775
"{'鹰的蛋', '夜茄', '龙葵'}", "{19, 53}", 1034
"{'娜米拉腐菌', '魔族心脏', '小麦'}", "{16, 17, 4, 21}", 1365
"{'娜米拉腐菌', '诺德藤壶', '魔族心脏'}", "{16, 13, 21}", 1492
"{'娜米拉腐菌', '魔族心脏', '闪光花'}", "{16, 13, 21}", 1492
"{'娜米拉腐菌', '幽光萌花', '魔族心脏'}", "{16, 13, 21}", 1492
"{'娜米拉腐菌', '月蛾翅膀', '魔族心脏'}", "{16, 13, 21}", 1492
"{'沼泽真菌荚', '魔族心脏', '小麦'}", "{17, 3, 4}", 988
"{'气母胶质', '水母果冻', '猛犸牙粉'}", "{21, 6}", 604
"{'气母胶质', '猛犸牙粉', '紫山花'}", "{38, 21, 6}", 1166
"{'气母胶质', '水母果冻', '猛犸牙粉'}", "{21, 6, 24, 45}", 2666
"{'气母胶质', '猛犸牙粉', '闪光花'}", "{24, 21, 6}", 1675
"{'气母胶质', '猛犸牙粉', '幽光萌花'}", "{24, 21, 6}", 1675
"{'气母胶质', '猛犸牙粉', '幽魂外皮'}", "{45, 21, 6}", 1595
"{'气母胶质', '猛犸牙粉', '鹰喙'}", "{45, 21, 6}", 1595
"{'水母果冻', '猛犸牙粉', '紫山花'}", "{38, 21, 6}", 1166
"{'气母胶质', '水母果冻', '猛犸牙粉'}", "{21, 6, 24, 45}", 2666
"{'水母果冻', '猛犸牙粉', '闪光花'}", "{24, 21, 6}", 1675
"{'水母果冻', '猛犸牙粉', '幽光萌花'}", "{24, 21, 6}", 1675
"{'水母果冻', '猛犸牙粉', '幽魂外皮'}", "{45, 21, 6}", 1595
"{'鹰喙', '水母果冻', '猛犸牙粉'}", "{45, 21, 6}", 1595
"{'猛犸牙粉', '紫山花', '小珍珠'}", "{9, 38, 6}", 1123
"{'萤火虫的胸壳', '猛犸牙粉', '紫山花'}", "{3, 38, 6}", 984
"{'猛犸牙粉', '紫山花', '银岸鲈鱼'}", "{9, 38, 6}", 1123
"{'鹰喙', '猛犸牙粉', '紫山花'}", "{9, 38, 6}", 1123
"{'奈恩根', '深红奈恩根', '虚无盐'}", "{54, 23, 14, 15}", 1662
"{'猩红奈恩根', '奈恩根', '深红奈恩根'}", "{14, 15, 54, 23}", 1662
"{'奈恩根', '深红奈恩根', '虚无盐'}", "{54, 23, 14, 15}", 1662
"{'猩红奈恩根', '奈恩根', '深红奈恩根'}", "{14, 15, 54, 23}", 1662
"{'猩红奈恩根', '奈恩根', '虚无盐'}", "{54, 23, 14, 15}", 1662
"{'奈恩根', '深红奈恩根', '虚无盐'}", "{14, 23}", 268
"{'奈恩根', '苔原棉花', '虚无盐'}", "{31, 14, 23}", 595
"{'猩红奈恩根', '奈恩根', '虚无盐'}", "{14, 23}", 268
"{'猩红奈恩根', '奈恩根', '深红奈恩根'}", "{14, 15, 54, 23}", 1662
"{'猩红奈恩根', '奈恩根', '虚无盐'}", "{54, 23, 14, 15}", 1662
"{'娜米拉腐菌', '诺德藤壶', '闪光花'}", "{16, 21, 13}", 1492
"{'娜米拉腐菌', '诺德藤壶', '幽光萌花'}", "{16, 21, 13}", 1492
"{'娜米拉腐菌', '月蛾翅膀', '诺德藤壶'}", "{16, 13}", 1041
"{'娜米拉腐菌', '月蛾翅膀', '诺德藤壶'}", "{16, 13}", 1041
"{'娜米拉腐菌', '幽光萌花', '闪光花'}", "{21, 13}", 1297
"{'娜米拉腐菌', '月蛾翅膀', '闪光花'}", "{16, 21, 13}", 1492
"{'娜米拉腐菌', '气母胶质', '闪光花'}", "{24, 21, 13}", 2368
"{'娜米拉腐菌', '水母果冻', '闪光花'}", "{24, 21, 13}", 2368
"{'娜米拉腐菌', '幽光萌花', '闪光花'}", "{21, 23, 24, 13}", 2615
"{'娜米拉腐菌', '月蛾翅膀', '幽光萌花'}", "{16, 21, 13}", 1492
"{'娜米拉腐菌', '气母胶质', '幽光萌花'}", "{24, 21, 13}", 2368
"{'娜米拉腐菌', '水母果冻', '幽光萌花'}", "{24, 21, 13}", 2368
"{'娜米拉腐菌', '幽光萌花', '闪光花'}", "{21, 23, 24, 13}", 2615
"{'娜米拉腐菌', '月蛾翅膀', '诺德藤壶'}", "{16, 13}", 1041
"{'娜米拉腐菌', '吸血鬼灰烬', '月蛾翅膀'}", "{16, 13, 54}", 2286
"{'吸血鬼灰烬', '月蛾翅膀', '诺德藤壶'}", "{16, 13, 54}", 2286
"{'水母果冻', '气母胶质', '闪光花'}", "{21, 6, 24, 45}", 2666
"{'水母果冻', '气母胶质', '幽光萌花'}", "{21, 6, 24, 45}", 2666
"{'水母果冻', '气母胶质', '幽魂外皮'}", "{21, 6, 24, 45}", 2666
"{'鹰喙', '水母果冻', '气母胶质'}", "{21, 6, 24, 45}", 2666
"{'水母果冻', '气母胶质', '闪光花'}", "{21, 6, 24, 45}", 2666
"{'水母果冻', '气母胶质', '幽光萌花'}", "{21, 6, 24, 45}", 2666
"{'水母果冻', '气母胶质', '幽魂外皮'}", "{21, 6, 24, 45}", 2666
"{'鹰喙', '水母果冻', '气母胶质'}", "{21, 6, 24, 45}", 2666
"{'气母胶质', '幽光萌花', '闪光花'}", "{24, 21}", 1522
"{'气母胶质', '幽魂外皮', '闪光花'}", "{24, 45, 21, 6}", 2666
"{'鹰喙', '气母胶质', '闪光花'}", "{24, 45, 21, 6}", 2666
"{'水母果冻', '气母胶质', '闪光花'}", "{24, 21}", 1522
"{'气母胶质', '幽光萌花', '闪光花'}", "{21, 23, 24, 13}", 2615
"{'气母胶质', '幽光萌花', '幽魂外皮'}", "{24, 45, 21, 6}", 2666
"{'鹰喙', '气母胶质', '幽光萌花'}", "{24, 45, 21, 6}", 2666
"{'水母果冻', '气母胶质', '幽光萌花'}", "{24, 21}", 1522
"{'气母胶质', '幽光萌花', '闪光花'}", "{21, 23, 24, 13}", 2615
"{'鹰喙', '气母胶质', '幽魂外皮'}", "{45, 6}", 1144
"{'水母果冻', '气母胶质', '幽魂外皮'}", "{45, 6}", 1144
"{'鹰喙', '气母胶质', '幽魂外皮'}", "{45, 6}", 1144
"{'鹰喙', '气母胶质', '松木画眉蛋'}", "{51, 45, 6}", 1552
"{'鹰喙', '水母果冻', '气母胶质'}", "{45, 6}", 1144
"{'鹰喙', '气母胶质', '小珍珠'}", "{9, 45, 6}", 1552
"{'鹰喙', '气母胶质', '雪果'}", "{9, 51, 45, 6}", 1960
"{'鹰喙', '气母胶质', '幽魂外皮'}", "{45, 6}", 1144
"{'鹰喙', '气母胶质', '银岸鲈鱼'}", "{9, 45, 6}", 1552
"{'鹰喙', '气母胶质', '珍珠'}", "{51, 45, 6}", 1552
"{'鹰喙', '气母胶质', '紫山花'}", "{9, 45, 6}", 1552
"{'气泡草', '岩莺的蛋', '石溪刺莺卵'}", "{4, 15}", 277
"{'气泡草', '犬根', '石溪刺莺卵'}", "{42, 4, 15}", 839
"{'气泡草', '岩莺的蛋', '石溪刺莺卵'}", "{4, 22, 42, 15}", 1032
"{'气泡草', '岩莺的蛋', '犬根'}", "{42, 4, 15}", 839
"{'气泡草', '岩莺的蛋', '石溪刺莺卵'}", "{4, 22, 42, 15}", 1032
"{'岩莺的蛋', '犬根', '石溪刺莺卵'}", "{42, 15}", 711
"{'蜘蛛卵', '犬根', '石溪刺莺卵'}", "{42, 37, 15}", 1273
"{'岩莺的蛋', '犬根', '石溪刺莺卵'}", "{4, 22, 42, 15}", 1032
"{'蜘蛛卵', '岩莺的蛋', '犬根'}", "{42, 37, 15}", 1273
"{'岩莺的蛋', '犬根', '石溪刺莺卵'}", "{4, 22, 42, 15}", 1032
"{'蜘蛛卵', '犬根', '先祖蛾翅膀'}", "{19, 37, 15}", 1697
"{'乌鸦鬼婆之羽', '人类心脏', '雪精灵耳'}", "{16, 20, 14}", 620
"{'乌鸦鬼婆之羽', '人类心脏', '夜茄'}", "{16, 19, 20, 14}", 1606
"{'乌鸦鬼婆之羽', '人类心脏', '特拉玛根'}", "{16, 49, 20}", 806
"{'乌鸦鬼婆之羽', '人类心脏', '真菌的根'}", "{16, 49, 20}", 806
"{'人类心脏', '夜茄', '雪精灵耳'}", "{19, 20, 14}", 1411
"{'人类心脏', '鹰的蛋', '夜茄'}", "{19, 53, 14}", 1055
"{'沼泽真菌荚', '人肉', '小恶魔菌'}", "{24, 4, 14}", 1220
"{'鹰喙', '松木画眉蛋', '珍珠'}", "{51, 6}", 561
"{'鹰喙', '水母果冻', '松木画眉蛋'}", "{51, 45, 6}", 1552
"{'鹰喙', '松木画眉蛋', '小珍珠'}", "{9, 51, 6}", 969
"{'鹰喙', '雪果', '松木画眉蛋'}", "{9, 51, 6}", 969
"{'鹰喙', '松木画眉蛋', '幽魂外皮'}", "{51, 45, 6}", 1552
"{'鹰喙', '松木画眉蛋', '银岸鲈鱼'}", "{9, 51, 6}", 969
"{'鹰喙', '松木画眉蛋', '珍珠'}", "{51, 6}", 561
"{'鹰喙', '松木画眉蛋', '紫山花'}", "{9, 51, 6}", 969
"{'鹰喙', '松木画眉蛋', '珍珠'}", "{51, 6}", 561
"{'树伞菌', '直立根', '天鹅菇'}", "{50, 36, 7, 11}", 1772
"{'树伞菌', '直立根', '天鹅菇'}", "{50, 36, 7, 11}", 1772
"{'树伞菌', '直立根', '天鹅菇'}", "{36, 7}", 603
"{'树伞菌', '藤蔓丛', '直立根'}", "{36, 22, 7}", 796
"{'树伞菌', '直立根', '月亮糖'}", "{36, 12, 7}", 1449
"{'树伞菌', '直立根', '盐堆'}", "{36, 12, 22, 7}", 1642
"{'先祖蛾翅膀', '树精的树液', '烧焦的树精木'}", "{27, 25, 19}", 1260
"{'先祖蛾翅膀', '树精的树液', '蜘蛛卵'}", "{25, 19, 15}", 1184
"{'直立根', '霜盐', '月亮糖'}", "{7, 8, 9, 12}", 1585
"{'猩红奈恩根', '深红奈恩根', '虚无盐'}", "{54, 23, 14, 15}", 1662
"{'苔原棉花', '深红奈恩根', '虚无盐'}", "{31, 14, 23}", 595
"{'猩红奈恩根', '深红奈恩根', '虚无盐'}", "{14, 23}", 268
"{'猩红奈恩根', '深红奈恩根', '虚无盐'}", "{54, 23, 14, 15}", 1662
"{'水母果冻', '幽光萌花', '闪光花'}", "{24, 21}", 1522
"{'水母果冻', '幽魂外皮', '闪光花'}", "{24, 45, 21, 6}", 2666
"{'鹰喙', '水母果冻', '闪光花'}", "{24, 45, 21, 6}", 2666
"{'水母果冻', '幽光萌花', '闪光花'}", "{21, 23, 24, 13}", 2615
"{'水母果冻', '幽光萌花', '幽魂外皮'}", "{24, 45, 21, 6}", 2666
"{'鹰喙', '水母果冻', '幽光萌花'}", "{24, 45, 21, 6}", 2666
"{'水母果冻', '幽光萌花', '闪光花'}", "{21, 23, 24, 13}", 2615
"{'鹰喙', '水母果冻', '幽魂外皮'}", "{45, 6}", 1144
"{'鹰喙', '水母果冻', '幽魂外皮'}", "{45, 6}", 1144
"{'鹰喙', '水母果冻', '小珍珠'}", "{9, 45, 6}", 1552
"{'鹰喙', '水母果冻', '雪果'}", "{9, 51, 45, 6}", 1960
"{'鹰喙', '水母果冻', '幽魂外皮'}", "{45, 6}", 1144
"{'鹰喙', '水母果冻', '银岸鲈鱼'}", "{9, 45, 6}", 1552
"{'鹰喙', '水母果冻', '珍珠'}", "{51, 45, 6}", 1552
"{'鹰喙', '水母果冻', '紫山花'}", "{9, 45, 6}", 1552
"{'乌鸦鬼婆之羽', '真菌的根', '特拉玛根'}", "{16, 49, 18, 45}", 2313
"{'乌鸦鬼婆之羽', '真菌的根', '特拉玛根'}", "{16, 49}", 402
"{'乌鸦鬼婆之羽', '真菌的根', '特拉玛根'}", "{16, 49, 18, 45}", 2313
"{'乌鸦鬼婆之爪', '苔原棉花', '虚无盐'}", "{28, 31, 23}", 804
"{'鲜血王冠', '乌鸦鬼婆之爪', '苔原棉花'}", "{41, 28, 23}", 1039
"{'鲜血王冠', '苔原棉花', '虚无盐'}", "{41, 23, 31}", 1136
"{'猩红奈恩根', '苔原棉花', '虚无盐'}", "{23, 14, 31}", 595
"{'天鹅菇', '藤蔓丛', '直立根'}", "{36, 22, 7}", 796
"{'天鹅菇', '直立根', '月亮糖'}", "{36, 12, 7}", 1449
"{'天鹅菇', '直立根', '盐堆'}", "{36, 12, 22, 7}", 1642
"{'直立根', '藤蔓丛', '月亮糖'}", "{12, 22, 7}", 1192
"{'直立根', '藤蔓丛', '盐堆'}", "{12, 22, 7}", 1192
"{'沼泽真菌荚', '小恶魔菌', '小麦'}", "{24, 3, 4}", 1468
"{'熊爪', '小珍珠', '银岸鲈鱼'}", "{9, 42, 6}", 1123
"{'鹰喙', '熊爪', '小珍珠'}", "{9, 42, 6}", 1123
"{'熊爪', '小珍珠', '紫山花'}", "{9, 42, 6}", 1123
"{'鹰喙', '小珍珠', '银岸鲈鱼'}", "{9, 6}", 561
"{'小珍珠', '银岸鲈鱼', '紫山花'}", "{9, 6}", 561
"{'希思特鲤鱼', '小珍珠', '银岸鲈鱼'}", "{9, 6, 17}", 1152
"{'小珍珠', '银岸鲈鱼', '雪鼠尾巴'}", "{46, 9, 6, 17}", 1175
"{'鹰喙', '小珍珠', '银岸鲈鱼'}", "{9, 6}", 561
"{'小珍珠', '银岸鲈鱼', '紫山花'}", "{9, 6}", 561
"{'鹰喙', '小珍珠', '紫山花'}", "{9, 6}", 561
"{'鹰喙', '雪果', '小珍珠'}", "{9, 51, 6}", 969
"{'鹰喙', '小珍珠', '幽魂外皮'}", "{9, 45, 6}", 1552
"{'鹰喙', '小珍珠', '银岸鲈鱼'}", "{9, 6}", 561
"{'鹰喙', '小珍珠', '珍珠'}", "{9, 51, 6}", 969
"{'鹰喙', '小珍珠', '紫山花'}", "{9, 6}", 561
"{'萤火虫的胸壳', '小珍珠', '紫山花'}", "{9, 3, 6}", 830
"{'小珍珠', '银岸鲈鱼', '紫山花'}", "{9, 6}", 561
"{'鹰喙', '小珍珠', '紫山花'}", "{9, 6}", 561
"{'银岸鲈鱼', '希思特鲤鱼', '雪鼠尾巴'}", "{46, 17, 6}", 767
"{'鹰喙', '银岸鲈鱼', '希思特鲤鱼'}", "{17, 6, 9}", 1152
"{'银岸鲈鱼', '紫山花', '希思特鲤鱼'}", "{17, 6, 9}", 1152
"{'鹰喙', '雪果', '幽魂外皮'}", "{9, 51, 45, 6}", 1960
"{'鹰喙', '雪果', '银岸鲈鱼'}", "{9, 51, 6}", 969
"{'鹰喙', '雪果', '珍珠'}", "{9, 51, 6}", 969
"{'鹰喙', '雪果', '紫山花'}", "{9, 51, 6}", 969
"{'鹰喙', '银岸鲈鱼', '雪鼠尾巴'}", "{17, 6, 46, 9}", 1175
"{'紫山花', '银岸鲈鱼', '雪鼠尾巴'}", "{17, 6, 46, 9}", 1175
"{'鹰喙', '银岸鲈鱼', '幽魂外皮'}", "{9, 45, 6}", 1552
"{'鹰喙', '幽魂外皮', '珍珠'}", "{51, 45, 6}", 1552
"{'鹰喙', '紫山花', '幽魂外皮'}", "{9, 45, 6}", 1552
"{'直立根', '盐堆', '月亮糖'}", "{12, 22, 7}", 1192
"{'萤火虫的胸壳', '紫山花', '银岸鲈鱼'}", "{9, 3, 6}", 830
"{'萤火虫的胸壳', '鹰喙', '紫山花'}", "{9, 3, 6}", 830
"{'鹰喙', '紫山花', '银岸鲈鱼'}", "{9, 6}", 561
"{'鹰喙', '银岸鲈鱼', '珍珠'}", "{9, 51, 6}", 969
"{'鹰喙', '紫山花', '银岸鲈鱼'}", "{9, 6}", 561
"{'鹰喙', '紫山花', '银岸鲈鱼'}", "{9, 6}", 561
"{'鹰喙', '紫山花', '珍珠'}", "{9, 51, 6}", 969
